Function Name Readability,Variable Name Readability,Tabulators,Tab Indents,Space Indents,Prefer Tabs Over Spaces,Unique Words,author,function
0,1.00,0,0,11,0,19,.dd,dfs
1,1.00,0,0,35,0,43,.dd,main
1,1.00,0,0,9,0,17,.dd,ok
1,0.89,0,0,21,0,29,.dd,main
1,0.75,0,0,27,0,31,.dd,main
1,1.00,0,0,11,0,23,.dd,main
1,1.00,0,0,6,0,12,.dd,solve
0,1.00,0,0,9,0,22,.dd,solvef
0,1.00,0,0,22,0,24,.dd,dfs
0,1.00,0,0,7,0,16,.dd,dfs_nr
0,1.00,0,0,12,0,19,.dd,do_brute
1,1.00,0,0,28,0,34,.dd,main
0,1.00,0,0,2,0,13,.dd,noreturn
1,1.00,0,0,6,0,10,.dd,ok
1,0,0,0,0,0,4,.dd,abs
1,1.00,0,0,41,0,41,.dd,main
0,1.00,0,0,8,0,16,.dd,make_block
1,0.86,0,0,40,0,37,.dd,main
1,1.00,0,0,6,0,17,.dd,count
1,1.00,0,0,2,0,13,.dd,gen
1,0,0,0,1,0,8,.dd,init
1,0,0,0,10,0,18,.dd,insert
1,1.00,0,0,3,0,12,.dd,kill
1,1.00,0,0,16,0,28,.dd,main
1,1.00,0,0,7,0,22,.dd,solve
1,0,0,0,0,0,9,.dd,abs
1,1.00,0,0,21,0,21,.dd,brute
0,1.00,0,0,5,0,11,.dd,bubble_down
0,1.00,0,0,5,0,11,.dd,bubble_up
1,1.00,0,0,33,0,39,.dd,main
0,1.00,0,0,9,0,12,.dd,sort_down
0,1.00,0,0,9,0,12,.dd,sort_up
1,1.00,0,0,10,0,37,.jaz,main
1,1.00,0,0,25,0,29,.jaz,main
1,1.00,0,0,26,0,18,.jaz,main
1,1.00,0,0,39,0,30,.jaz,main
1,0.67,0,0,11,0,18,.jaz,brute
1,1.00,0,0,13,0,24,.jaz,main
1,0.67,0,0,20,0,34,.jaz,solve
0,1.00,0,0,6,0,13,.jaz,dfs
1,1.00,0,0,22,0,28,.jaz,main
1,1.00,0,0,21,0,28,.jaz,main
1,0.90,0,0,33,0,26,.jaz,main
1,1.00,0,0,20,0,22,.jaz,main
1,0.80,0,0,19,0,38,.jaz,solve
1,0.88,0,0,61,0,51,37ae912,main
0,0,0,0,4,0,11,37ae912,samedirection
1,1.00,0,0,2,0,7,37ae912,init
1,1.00,0,0,54,0,34,37ae912,main
1,1.00,0,0,28,0,22,37ae912,main
1,1.00,0,0,40,0,21,37ae912,main
1,1.00,0,0,31,0,30,37ae912,main
1,1.00,0,0,34,0,26,37ae912,test
1,0.67,0,0,31,0,22,37ae912,main
0,1.00,0,0,18,0,22,37ae912,Init
0,1.00,0,0,21,0,17,37ae912,Merge
1,0.75,12,6,38,0,44,37ae912,main
1,1.00,0,0,37,0,32,37ae912,solve
1,1.00,0,0,12,0,17,37ae912,CR
1,1.00,0,0,19,0,17,37ae912,DFS
0,1.00,0,0,4,0,13,37ae912,Init
1,0.60,14,7,24,0,38,37ae912,main
1,1.00,0,0,13,0,16,37ae912,solve
1,0.50,40,20,37,0,38,37ae912,main
1,1.00,0,0,10,0,15,37ae912,solve
1,0.88,102,42,42,0,31,3abdelazim,main
1,1.00,16,11,11,0,28,3abdelazim,main
1,1.00,4,3,3,0,10,3abdelazim,solve
1,1.00,69,29,29,0,31,3abdelazim,main
1,1.00,34,17,17,0,24,3abdelazim,main
0,0.50,6,5,5,0,10,3abdelazim,dfs
0,1.00,13,11,11,0,19,3abdelazim,getstr
1,1.00,59,28,28,0,35,3abdelazim,main
1,0.80,13,11,11,0,16,3abdelazim,cost
1,1.00,60,25,25,0,20,3abdelazim,getf
1,1.00,83,37,37,0,37,3abdelazim,main
0,1.00,10,6,6,0,12,3abdelazim,CHECK
0,1.00,13,8,8,0,15,3abdelazim,SIZE
1,0,4,4,4,0,6,3abdelazim,cl
1,0,1,1,1,0,5,3abdelazim,g
1,0,6,4,4,0,6,3abdelazim,init
1,0,21,10,10,0,14,3abdelazim,insert
1,0.75,11,8,8,0,19,3abdelazim,invalid
1,0.77,121,43,43,0,41,3abdelazim,main
1,0,24,10,10,0,11,3abdelazim,size
1,1.00,1,1,1,0,5,3abdelazim,bit
1,0.80,54,23,23,0,16,3abdelazim,count
1,0,12,8,8,0,16,3abdelazim,get
1,0.78,46,21,21,0,27,3abdelazim,main
1,1.00,59,25,25,0,31,3abdelazim,main
1,0.57,0,0,28,0,21,3of7,doit
1,0.67,0,0,38,0,41,3of7,main
1,1.00,0,0,175,0,48,3of7,main
1,1.00,0,0,24,0,36,3of7,main
1,1.00,0,0,38,0,41,3of7,main
1,0.93,0,0,43,0,44,3of7,main
1,0,0,0,6,0,14,3of7,sw
1,1.00,0,0,5,0,11,3of7,flood
1,1.00,0,0,65,0,49,3of7,main
1,1.00,0,0,28,0,29,3of7,main
0,1.00,0,0,2,0,5,3of7,myabs
0,0,0,0,4,0,21,3of7,isless
1,0.83,0,0,51,0,49,3of7,main
1,0.83,0,0,59,0,58,3of7,main
0,1.00,0,0,2,0,5,3of7,myabs
1,1.00,0,0,19,0,31,735612658,main
1,0.60,0,0,39,0,34,735612658,main
0,1.00,0,0,9,0,13,735612658,backtype
0,1.00,0,0,11,0,12,735612658,contype
1,0,0,0,3,0,4,735612658,enter
1,1.00,0,0,18,0,29,735612658,main
0,0.29,0,0,123,0,28,735612658,getans
1,1.00,0,0,14,0,31,735612658,main
1,1.00,0,0,2,0,25,735612658,min
1,1.00,0,0,6,0,10,735612658,add
0,1.00,0,0,12,0,15,735612658,dfs
1,1.00,0,0,42,0,39,735612658,main
1,0.88,0,0,48,0,40,735612658,main
1,1.00,0,0,1,0,5,735612658,MIN
0,0.67,0,0,36,0,31,735612658,bfs
1,1.00,0,0,11,0,26,735612658,main
1,1.00,0,0,8,0,14,735612658,read
1,1.00,0,0,5,0,11,735612658,C
1,1.00,0,0,11,0,12,735612658,Lucas
0,1.00,0,0,11,0,10,735612658,bspow
1,1.00,0,0,6,0,8,735612658,init
1,1.00,0,0,10,0,13,735612658,main
1,0,0,0,5,0,12,735612658,fun
0,1.00,0,0,5,0,9,735612658,getans
1,1.00,0,0,22,0,31,735612658,main
1,0,0,0,0,0,12,735612658,max
1,1.00,0,0,0,0,6,735612658,min
1,0,5,4,5,0,14,A.Grishchenko,main
1,0.71,27,19,19,0,72,A.Grishchenko,solve
1,0,5,4,5,0,14,A.Grishchenko,main
1,0.69,140,42,42,0,28,A.Grishchenko,solve
1,0,5,4,5,0,14,A.Grishchenko,main
1,1.00,37,19,19,0,28,A.Grishchenko,solve
1,0,5,4,5,0,14,A.Grishchenko,main
1,0.73,149,46,46,0,36,A.Grishchenko,solve
1,0,5,4,5,0,14,A.Grishchenko,main
1,0.82,46,22,22,0,25,A.Grishchenko,solve
0,1.00,0,0,5,0,9,A.Grishchenko,inttostr
1,0,0,0,5,0,14,A.Grishchenko,main
1,0.62,94,34,34,0,27,A.Grishchenko,solve
0,1.00,0,0,5,0,9,A.Grishchenko,inttostr
1,0,5,4,5,0,14,A.Grishchenko,main
1,0.80,69,31,31,0,31,A.Grishchenko,solve
0,1.00,1,1,6,0,14,A.Grishchenko,inttostr
1,0,5,4,5,0,14,A.Grishchenko,main
1,0.92,136,50,50,0,41,A.Grishchenko,solve
0,1.00,0,0,5,0,14,A.Grishchenko,inttostr
1,0,5,4,5,0,14,A.Grishchenko,main
1,0.75,71,30,30,0,23,A.Grishchenko,solve
0,0.75,15,12,12,0,15,A.Grishchenko,solve_p
1,0,0,0,0,0,23,a180285,MAX
1,0,0,0,0,0,9,a180285,MIN
1,1.00,0,0,11,0,19,a180285,doit
1,0,0,0,12,0,16,a180285,get
1,0,0,0,4,0,10,a180285,main
1,1.00,0,0,13,0,27,a180285,read
1,0,0,0,0,0,26,a180285,MAX
1,0,0,0,0,0,9,a180285,MIN
1,1.00,0,0,7,0,7,a180285,def
1,1.00,0,0,6,0,14,a180285,doit
1,0.50,0,0,10,0,18,a180285,main
1,1.00,0,0,12,0,15,a180285,test
1,0,0,0,0,0,22,a180285,MAX
1,0,0,0,0,0,9,a180285,MIN
1,1.00,0,0,11,0,6,a180285,def
1,1.00,0,0,15,0,20,a180285,doit
1,0.50,0,0,10,0,18,a180285,main
1,0,0,0,1,0,25,a180285,MAX
1,0,0,0,0,0,9,a180285,MIN
0,1.00,0,0,3,0,7,a180285,cmp
1,1.00,0,0,12,0,13,a180285,def
1,1.00,0,0,30,0,23,a180285,doit
1,0.67,0,0,14,0,25,a180285,main
1,0,0,0,0,0,25,a180285,MAX
1,0,0,0,0,0,9,a180285,MIN
1,1.00,0,0,16,0,21,a180285,doit
1,0.50,0,0,10,0,18,a180285,main
1,0,0,0,0,0,26,a180285,MAX
1,0,0,0,0,0,9,a180285,MIN
0,1.00,0,0,3,0,8,a180285,cmp
1,1.00,0,0,13,0,14,a180285,doit
1,0.50,0,0,11,0,21,a180285,main
1,0,0,0,1,0,30,a180285,MAX
1,0,0,0,0,0,9,a180285,MIN
1,1.00,0,0,3,0,7,a180285,add
0,1.00,0,0,3,0,9,a180285,cmp
1,1.00,0,0,28,0,25,a180285,def
1,1.00,0,0,16,0,22,a180285,doit
1,0.67,0,0,10,0,24,a180285,main
1,1.00,0,0,24,0,19,a180285,other
1,1.00,0,0,5,0,7,a180285,xx
1,0,0,0,3,0,27,a180285,MAX
1,0,0,0,0,0,9,a180285,MIN
0,1.00,0,0,1,0,7,a180285,cmp_id
0,1.00,0,0,1,0,7,a180285,cmp_v
1,1.00,0,0,30,0,28,a180285,doit
0,1.00,0,0,1,0,7,a180285,fcmp
1,0.50,0,0,10,0,18,a180285,main
1,1.00,0,0,1,0,6,a180285,sgn
1,0,0,0,1,0,9,a180285,sqr
1,0,0,0,0,0,25,a180285,MAX
1,0,0,0,0,0,9,a180285,MIN
1,1.00,0,0,15,0,19,a180285,doit
1,0.50,0,0,10,0,19,a180285,main
1,0,0,0,12,0,15,a180285,pt
1,1.00,0,0,6,0,10,a180285,sum
1,1.00,20,14,15,0,65,a9108,main
1,1.00,1,1,1,0,12,a9108,relax
1,1.00,14,12,12,0,24,a9108,check
1,1.00,11,7,8,0,16,a9108,main
1,1.00,2,2,2,0,9,a9108,checkless
0,1.00,8,6,6,0,10,a9108,checkok
1,1.00,33,16,17,0,23,a9108,main
1,1.00,1,1,1,0,8,a9108,relax
1,0.80,61,37,37,0,41,a9108,check
1,1.00,84,36,37,0,42,a9108,main
1,1.00,6,6,6,0,24,a9108,overlap
0,0.43,12,10,10,0,24,a9108,overlap2
1,1.00,113,36,37,0,29,a9108,main
1,1.00,28,14,15,0,20,a9108,main
1,1.00,33,17,18,0,30,a9108,main
1,1.00,7,5,5,0,20,a9108,check
0,1.00,2,2,2,0,6,a9108,getrand
1,1.00,42,19,20,0,33,a9108,main
1,1.00,7,7,7,0,21,a9108,check
1,1.00,6,5,5,0,13,a9108,getid
0,1.00,2,2,2,0,7,a9108,getrand
1,1.00,23,16,17,0,28,a9108,main
0,1.00,1,1,1,0,5,a9108,makeans
1,0,6,6,15,0,13,aa2985759,get
0,1.00,6,6,14,0,13,aa2985759,get1
1,1.00,6,6,14,0,25,aa2985759,main
1,1.00,7,7,18,0,29,aa2985759,main
1,1.00,37,31,39,0,33,aa2985759,main
1,1.00,8,6,14,0,25,aa2985759,main
0,1.00,0,0,1,0,9,aa2985759,cmp
0,1.00,4,3,10,0,19,aa2985759,dfs
0,1.00,1,1,3,0,12,aa2985759,dfs1
1,1.00,12,12,25,0,27,aa2985759,jud
1,1.00,22,22,30,0,41,aa2985759,main
1,0,1,1,5,0,15,aa2985759,get
1,1.00,49,39,47,0,37,aa2985759,main
1,0,0,0,2,0,16,aa2985759,add
1,0.60,168,56,56,0,41,aa2985759,main
1,0.91,0,0,46,0,37,aa2985759,sap
0,0.80,49,23,23,0,23,aa2985759,dfs
0,1.00,7,6,6,0,17,aa2985759,getnum
1,1.00,13,8,8,0,13,aa2985759,ins
1,1.00,21,14,14,0,28,aa2985759,main
0,0.75,42,27,27,0,19,aa2985759,dfs
1,1.00,17,12,12,0,23,aa2985759,main
1,1.00,54,26,26,0,31,aaaaajack,main
1,1.00,22,15,15,0,31,aaaaajack,main
1,1.00,37,21,21,0,37,aaaaajack,main
1,1.00,0,0,13,0,18,aaaaajack,main
1,1.00,0,0,53,0,36,aaaaajack,main
1,0.79,312,90,90,0,56,aaaaajack,main
0,1.00,2,2,2,0,6,aaaaajack,gcd
1,1.00,42,22,22,0,26,aaaaajack,main
1,1.00,59,28,28,0,27,aaaaajack,bf
1,1.00,19,12,12,0,20,aaaaajack,main
1,1.00,47,22,22,0,22,aaaaajack,main
1,1.00,25,15,15,0,27,abcsampson,main
1,1.00,125,44,44,0,42,abcsampson,main
1,1.00,42,21,21,0,27,abcsampson,main
1,1.00,65,29,29,0,34,abcsampson,main
1,1.00,97,42,42,0,55,abcsampson,main
1,0.00,1,1,1,0,11,abcsampson,print
1,1.00,3,3,3,0,19,abcsampson,push
0,1.00,7,5,5,0,10,abcsampson,floyd
1,1.00,31,19,19,0,30,abcsampson,main
1,1.00,42,23,23,0,33,abcsampson,main
0,1.00,0,0,0,0,13,abcsampson,cmp
1,1.00,154,47,47,0,53,abcsampson,main
1,0,1,1,1,0,5,abcsampson,sqr
1,1.00,1,1,1,0,9,abcsampson,cross
1,1.00,193,64,64,0,50,abcsampson,main
1,1.00,0,0,16,0,21,abdurak,main
1,1.00,0,0,118,0,28,abdurak,main
1,1.00,0,0,20,0,24,abdurak,main
1,1.00,0,0,32,0,27,abdurak,main
1,0.88,0,0,70,0,39,abdurak,main
0,1.00,0,0,6,0,8,abdurak,num1s
1,1.00,0,0,42,0,32,abdurak,main
0,1.00,0,0,6,0,11,abdurak,numCon
0,1.00,0,0,70,0,22,abdurak,toKill
1,1.00,0,0,21,0,24,abdurak,main
1,0.87,0,0,49,0,42,abdurak,main
1,1.00,1,1,15,0,18,abdurak,main
1,1.00,0,0,12,0,17,abdurak,rec
1,0.78,0,0,49,0,22,abhay26,dec
1,1.00,0,0,12,0,28,abhay26,main
1,0.75,0,0,38,0,22,abhay26,war
1,1.00,0,0,42,0,33,abhay26,calc
0,0.86,0,0,25,0,17,abhay26,dfs
1,1.00,0,0,26,0,35,abhay26,main
1,1.00,0,0,26,0,26,abhay26,yes
1,0.89,0,0,24,0,37,abhay26,main
1,0.78,0,0,45,0,34,abhay26,main
1,1.00,0,0,86,0,27,abhay26,main
1,1.00,0,0,68,0,29,abhay26,calc
1,1.00,0,0,48,0,46,abhay26,main
1,1.00,0,0,20,0,19,abhay26,calc
0,1.00,0,0,3,0,8,abhay26,gcd
1,1.00,0,0,31,0,40,abhay26,main
1,1.00,0,0,32,0,25,abhay26,calc
1,1.00,0,0,21,0,34,abhay26,main
1,1.00,0,0,46,0,23,abhay26,calc
1,1.00,0,0,11,0,23,abhay26,dist
1,1.00,0,0,50,0,47,abhay26,main
1,0.78,0,0,17,0,17,abhay26,merge
0,1.00,0,0,7,0,16,abhay26,mergesort
1,0.67,115,39,39,0,27,abhra73,main
1,1.00,715,183,183,0,24,abhra73,main
1,1.00,42,16,16,0,13,abhra73,out
1,1.00,73,29,29,0,14,abhra73,outc
1,1.00,42,16,16,0,13,abhra73,outg
1,1.00,57,25,25,0,21,abhra73,main
1,1.00,113,44,44,0,24,abhra73,main
1,0.93,262,90,90,0,39,abhra73,main
1,1.00,42,18,18,0,18,abhra73,main
1,0.53,135,49,49,0,28,abhra73,main
1,1.00,137,59,59,0,47,abhra73,main
0,1.00,6,4,4,0,7,abhra73,gcd
1,1.00,94,36,36,0,29,abhra73,main
1,1.00,20,12,12,0,28,Abscp,main
1,1.00,14,9,9,0,15,Abscp,check
1,1.00,24,16,16,0,29,Abscp,main
1,1.00,25,14,14,0,27,Abscp,main
1,0.88,122,39,39,0,36,Abscp,main
1,1.00,25,14,14,0,29,Abscp,main
0,1.00,1,1,1,0,7,Abscp,cmp
1,1.00,31,17,17,0,25,Abscp,main
1,1.00,40,20,20,0,36,Abscp,main
1,1.00,40,20,20,0,35,Abscp,main
1,1.00,40,20,20,0,35,Abscp,main
1,0.75,0,0,39,0,31,abyss.7,main
1,0.90,0,0,97,0,35,abyss.7,main
1,0.64,0,0,22,0,31,abyss.7,main
1,0.82,0,0,29,0,30,abyss.7,main
0,1.00,0,0,6,0,18,abyss.7,CheckPrefix
0,1.00,0,0,5,0,13,abyss.7,DevicesCount
0,1.00,0,0,5,0,13,abyss.7,OutletCount
1,1.00,0,0,4,0,10,abyss.7,Switch
0,0.33,0,0,19,0,17,abyss.7,TrySwitch
1,1.00,0,0,12,0,22,abyss.7,main
1,0.75,0,0,35,0,31,abyss.7,main
1,1.00,0,0,20,0,37,abyss.7,random
1,0.89,0,0,24,0,26,abyss.7,main
1,0.74,0,0,36,0,36,abyss.7,main
1,0.48,0,0,48,0,41,abyss.7,main
1,1.00,43,22,22,0,33,abyssmaul,main
1,1.00,159,64,64,0,36,abyssmaul,main
1,1.00,24,13,13,0,28,abyssmaul,main
1,1.00,53,23,23,0,33,abyssmaul,main
1,1.00,3,3,3,0,9,abyssmaul,bc
1,0.89,71,27,27,0,42,abyssmaul,main
1,1.00,8,6,6,0,11,abyssmaul,rd
1,0.67,34,20,20,0,37,abyssmaul,main
1,0.70,24,16,16,0,21,abyssmaul,calc
1,1.00,25,14,14,0,29,abyssmaul,main
1,1.00,3,3,3,0,11,abyssmaul,sz
1,1.00,111,39,39,0,51,abyssmaul,main
1,1.00,15,10,10,0,25,abyssmaul,main
0,0.80,36,19,19,0,23,abyssmaul,slv
1,0.78,43,21,21,0,20,achan1058,main
1,0,0,0,0,0,49,achan1058,size
1,0.62,21,11,11,0,20,achan1058,war
1,1.00,143,45,45,0,29,achan1058,main
0,1.00,27,13,13,0,19,achan1058,prt
1,0,0,0,0,0,49,achan1058,size
1,0.80,32,16,16,0,24,achan1058,main
1,0,0,0,0,0,49,achan1058,size
1,0.80,85,32,32,0,25,achan1058,main
1,0,0,0,0,0,49,achan1058,size
1,1.00,105,37,37,0,34,achan1058,main
1,0,0,0,0,0,49,achan1058,size
0,0.44,117,41,41,0,31,achan1058,dummu
1,1.00,2,1,1,0,5,achan1058,init
1,1.00,15,8,8,0,12,achan1058,inver
1,0.62,82,34,34,0,31,achan1058,main
0,1.00,8,5,5,0,11,achan1058,rand1
0,1.00,8,5,5,0,11,achan1058,rand2
1,0,0,0,0,0,49,achan1058,size
0,1.00,32,13,13,0,13,achan1058,sortnum
1,0.75,95,33,33,0,36,achan1058,main
1,0,40,21,21,0,72,achan1058,size
1,0,2,2,2,0,5,achan1058,main
0,1.00,133,48,48,0,38,achan1058,numnodes
1,0,0,0,0,0,54,achan1058,size
1,0.71,94,32,32,0,23,achan1058,main
1,0,0,0,0,0,54,achan1058,size
1,1.00,0,0,57,0,43,achiever202,main
1,0.78,0,0,192,0,42,achiever202,main
1,1.00,0,0,22,0,32,achiever202,main
1,1.00,0,0,35,0,34,achiever202,main
1,0.58,0,0,49,0,22,achiever202,main
1,1.00,0,0,21,0,17,achiever202,main
1,0,0,0,4,0,6,achiever202,abs
1,1.00,0,0,19,0,19,achiever202,main
1,0,0,0,4,0,6,achiever202,abs
1,0.85,0,0,98,0,38,achiever202,main
1,1.00,0,0,45,0,21,achiever202,main
1,0,0,0,12,0,11,ACMonster,get
1,0.57,0,0,54,0,37,ACMonster,main
1,1.00,0,0,16,0,10,ACMonster,output
1,0,0,0,12,0,11,ACMonster,get
1,0.80,0,0,16,0,22,ACMonster,main
1,1.00,0,0,16,0,10,ACMonster,output
0,1.00,0,0,6,0,11,ACMonster,solve_k_1
0,1.00,0,0,10,0,12,ACMonster,solve_m_1
0,1.00,0,0,8,0,12,ACMonster,solve_n_1
0,1.00,0,0,82,0,26,ACMonster,solve_usual
1,0,0,0,12,0,11,ACMonster,get
1,0.88,0,0,18,0,29,ACMonster,main
1,1.00,0,0,16,0,10,ACMonster,output
1,0,0,0,12,0,11,ACMonster,get
1,0.67,0,0,37,0,31,ACMonster,main
1,1.00,0,0,16,0,10,ACMonster,output
1,1.00,0,0,18,0,21,ACMonster,dp
1,0,0,0,12,0,11,ACMonster,get
1,0.83,0,0,17,0,31,ACMonster,main
1,1.00,0,0,16,0,17,ACMonster,output
1,0,0,0,12,0,11,ACMonster,get
0,1.00,0,0,1,0,5,ACMonster,getroot
1,0.90,0,0,90,0,48,ACMonster,main
1,1.00,0,0,8,0,9,ACMonster,output
1,0,0,0,12,0,11,ACMonster,get
1,0.92,0,0,47,0,51,ACMonster,main
1,1.00,0,0,16,0,10,ACMonster,output
1,1.00,0,0,52,0,29,ACMonster,SAP
1,1.00,0,0,4,0,9,ACMonster,add
1,0,0,0,12,0,11,ACMonster,get
1,0.67,0,0,46,0,40,ACMonster,main
1,1.00,0,0,16,0,16,ACMonster,output
0,1.00,0,0,38,0,23,ACMonster,dfs
1,0,0,0,12,0,11,ACMonster,get
1,0.67,0,0,15,0,29,ACMonster,main
1,1.00,0,0,16,0,18,ACMonster,output
0,1.00,0,0,1,0,8,ACPrimer,cmp
1,0.62,0,0,48,0,28,ACPrimer,main
1,1.00,0,0,15,0,23,ACPrimer,main
1,0.90,0,0,18,0,33,ACPrimer,main
0,1.00,0,0,17,0,15,ACPrimer,dfs
1,1.00,0,0,27,0,28,ACPrimer,main
1,1.00,0,0,3,0,9,ACPrimer,ok
1,1.00,0,0,3,0,10,ACPrimer,trans
0,1.00,0,0,24,0,15,ACPrimer,dfs
1,1.00,0,0,31,0,29,ACPrimer,main
1,0,0,0,4,0,11,ACPrimer,cal
1,1.00,0,0,10,0,19,ACPrimer,main
1,1.00,0,0,2,0,5,ACPrimer,Abs
0,1.00,0,0,1,0,7,ACPrimer,cmp
1,1.00,0,0,20,0,17,ACPrimer,com
1,1.00,0,0,24,0,32,ACPrimer,main
1,1.00,0,0,6,0,15,ACPrimer,ops
1,1.00,0,0,2,0,5,ACPrimer,Abs
1,1.00,0,0,30,0,29,ACPrimer,main
1,0.75,25,15,15,0,20,ACPrimer,merge
0,1.00,10,7,7,0,8,ACPrimer,merge_sort
0,1.00,0,0,1,0,7,ACPrimer,cmp
1,1.00,0,0,35,0,25,ACPrimer,main
1,1.00,26,14,14,0,19,acrush,init
1,0.33,26,17,17,0,29,acrush,main
1,0.75,18,10,10,0,12,acrush,init
1,0.67,21,16,16,0,31,acrush,main
1,0.17,28,17,17,0,32,acrush,main
1,1.00,8,7,7,0,14,acrush,solve
1,1.00,36,17,17,0,30,acrush,calc
0,0,0,0,8,0,26,acrush,checkMod
0,0,0,0,0,0,11,acrush,countbit
1,0,0,0,0,0,8,acrush,cross
0,0.29,0,0,1,0,12,acrush,crossOper
1,0.25,0,0,0,0,8,acrush,dist
0,0.25,0,0,0,0,8,acrush,distR
0,0,0,0,2,0,30,acrush,eularFunction
0,0,0,0,1,0,10,acrush,gcd
0,1.00,0,0,0,0,7,acrush,isDigit
0,0.12,0,0,1,0,10,acrush,isIntersect
0,1.00,0,0,0,0,11,acrush,isLetter
0,1.00,0,0,0,0,10,acrush,isLowerCase
0,1.00,0,0,0,0,12,acrush,isMiddle
0,0,0,0,1,0,16,acrush,isPrimeNumber
0,1.00,0,0,0,0,10,acrush,isUpperCase
1,0,0,0,6,0,29,acrush,lcm
1,0,0,0,0,0,8,acrush,lowbit
1,0.50,34,16,16,0,35,acrush,main
0,0,0,0,3,0,25,acrush,multiplyMod
0,0,0,0,1,0,18,acrush,powerMod
1,1.00,13,10,10,0,26,acrush,refine
1,0.86,31,22,22,0,38,acrush,solve
1,0,0,0,0,0,12,acrush,sqr
0,1.00,0,0,6,0,58,acrush,toDouble
0,1.00,0,0,0,0,10,acrush,toInt
0,1.00,0,0,0,0,10,acrush,toInt64
0,1.00,0,0,0,0,9,acrush,toLowerCase
0,0,0,0,0,0,13,acrush,toString
0,1.00,0,0,0,0,9,acrush,toUpperCase
0,0,0,0,8,0,26,acrush,checkMod
0,0,0,0,0,0,11,acrush,countbit
1,0,0,0,0,0,8,acrush,cross
0,0.29,0,0,1,0,12,acrush,crossOper
1,0.25,0,0,0,0,8,acrush,dist
0,0.25,0,0,0,0,8,acrush,distR
0,0,0,0,2,0,30,acrush,eularFunction
0,0,0,0,1,0,10,acrush,gcd
0,1.00,0,0,0,0,7,acrush,isDigit
0,0.12,0,0,1,0,10,acrush,isIntersect
0,1.00,0,0,0,0,11,acrush,isLetter
0,1.00,0,0,0,0,10,acrush,isLowerCase
0,1.00,0,0,0,0,12,acrush,isMiddle
0,0,0,0,1,0,16,acrush,isPrimeNumber
0,1.00,0,0,0,0,10,acrush,isUpperCase
1,0,0,0,6,0,29,acrush,lcm
1,0,0,0,0,0,8,acrush,lowbit
1,0.50,29,15,15,0,32,acrush,main
0,0,0,0,3,0,25,acrush,multiplyMod
0,0,0,0,1,0,18,acrush,powerMod
1,1.00,44,23,23,0,20,acrush,solve
1,0,0,0,0,0,12,acrush,sqr
0,1.00,0,0,6,0,55,acrush,toDouble
0,1.00,0,0,0,0,10,acrush,toInt
0,1.00,0,0,0,0,10,acrush,toInt64
0,1.00,0,0,0,0,9,acrush,toLowerCase
0,0,0,0,0,0,13,acrush,toString
0,1.00,0,0,0,0,9,acrush,toUpperCase
0,0,0,0,8,0,26,acrush,checkMod
0,0,0,0,0,0,11,acrush,countbit
1,0,0,0,0,0,8,acrush,cross
0,0.29,0,0,1,0,12,acrush,crossOper
1,0.25,0,0,0,0,8,acrush,dist
0,0.25,0,0,0,0,8,acrush,distR
0,0,0,0,2,0,30,acrush,eularFunction
0,0,0,0,1,0,10,acrush,gcd
0,1.00,0,0,0,0,7,acrush,isDigit
0,0.12,0,0,1,0,10,acrush,isIntersect
0,1.00,0,0,0,0,11,acrush,isLetter
0,1.00,0,0,0,0,10,acrush,isLowerCase
0,1.00,0,0,0,0,12,acrush,isMiddle
0,0,0,0,1,0,16,acrush,isPrimeNumber
0,1.00,0,0,0,0,10,acrush,isUpperCase
1,0,0,0,6,0,29,acrush,lcm
1,0,0,0,0,0,8,acrush,lowbit
1,0.50,19,11,11,0,30,acrush,main
0,0,0,0,3,0,25,acrush,multiplyMod
0,0,0,0,1,0,18,acrush,powerMod
1,0.40,13,11,11,0,15,acrush,solve
1,0,0,0,0,0,12,acrush,sqr
0,1.00,0,0,6,0,56,acrush,toDouble
0,1.00,0,0,0,0,10,acrush,toInt
0,1.00,0,0,0,0,10,acrush,toInt64
0,1.00,0,0,0,0,9,acrush,toLowerCase
0,0,0,0,0,0,13,acrush,toString
0,1.00,0,0,0,0,9,acrush,toUpperCase
0,0,1,1,1,0,7,acrush,GetInputFilename
0,1.00,8,6,6,0,14,acrush,GetOutputFilename
0,0,0,0,8,0,26,acrush,checkMod
1,1.00,3,3,3,0,9,acrush,compare
0,0,0,0,0,0,11,acrush,countbit
1,0,0,0,0,0,8,acrush,cross
0,0.29,0,0,1,0,12,acrush,crossOper
1,0.25,0,0,0,0,8,acrush,dist
0,0.25,0,0,0,0,8,acrush,distR
0,0,0,0,2,0,30,acrush,eularFunction
0,0,0,0,1,0,10,acrush,gcd
0,1.00,0,0,0,0,7,acrush,isDigit
0,0.12,0,0,1,0,10,acrush,isIntersect
0,1.00,0,0,0,0,11,acrush,isLetter
0,1.00,0,0,0,0,10,acrush,isLowerCase
0,1.00,0,0,0,0,12,acrush,isMiddle
0,0,0,0,1,0,16,acrush,isPrimeNumber
0,0.00,1,1,1,0,16,acrush,isSkipCase
0,1.00,0,0,0,0,10,acrush,isUpperCase
1,0,0,0,6,0,29,acrush,lcm
1,0,0,0,0,0,8,acrush,lowbit
1,0.57,189,80,80,0,63,acrush,main
0,0,0,0,3,0,25,acrush,multiplyMod
0,0,0,0,1,0,18,acrush,powerMod
1,0,0,0,0,0,12,acrush,sqr
0,1.00,0,0,6,0,55,acrush,toDouble
0,1.00,0,0,0,0,10,acrush,toInt
0,1.00,0,0,0,0,10,acrush,toInt64
0,1.00,0,0,0,0,9,acrush,toLowerCase
0,1.00,0,0,0,0,13,acrush,toString
0,1.00,0,0,0,0,9,acrush,toUpperCase
0,0,1,1,1,0,7,acrush,GetInputFilename
0,1.00,8,6,6,0,14,acrush,GetOutputFilename
0,0,0,0,8,0,26,acrush,checkMod
0,0,0,0,0,0,11,acrush,countbit
1,0,0,0,0,0,8,acrush,cross
0,0.29,0,0,1,0,12,acrush,crossOper
1,0.25,0,0,0,0,8,acrush,dist
0,0.25,0,0,0,0,8,acrush,distR
0,0,0,0,2,0,30,acrush,eularFunction
0,0,0,0,1,0,10,acrush,gcd
0,1.00,0,0,0,0,7,acrush,isDigit
0,0.12,0,0,1,0,10,acrush,isIntersect
0,1.00,0,0,0,0,11,acrush,isLetter
0,1.00,0,0,0,0,10,acrush,isLowerCase
0,1.00,0,0,0,0,12,acrush,isMiddle
0,0,0,0,1,0,16,acrush,isPrimeNumber
0,0.00,1,1,1,0,20,acrush,isSkipCase
0,1.00,0,0,0,0,10,acrush,isUpperCase
1,0,0,0,6,0,29,acrush,lcm
1,0,0,0,0,0,8,acrush,lowbit
1,0.50,43,27,27,0,50,acrush,main
0,0,0,0,3,0,25,acrush,multiplyMod
0,0,0,0,1,0,18,acrush,powerMod
1,0.75,158,59,59,0,38,acrush,solve
1,0,0,0,0,0,12,acrush,sqr
0,1.00,0,0,6,0,55,acrush,toDouble
0,1.00,0,0,0,0,10,acrush,toInt
0,1.00,0,0,0,0,10,acrush,toInt64
0,1.00,0,0,0,0,9,acrush,toLowerCase
0,1.00,0,0,0,0,13,acrush,toString
0,1.00,0,0,0,0,9,acrush,toUpperCase
0,0,1,1,1,0,7,acrush,GetInputFilename
0,1.00,8,6,6,0,14,acrush,GetOutputFilename
1,1.00,2,2,2,0,7,acrush,add
0,0.50,2,2,2,0,12,acrush,addedge
1,0.60,106,40,40,0,18,acrush,build
0,0,0,0,0,0,9,acrush,countbit
0,0.75,25,12,12,0,21,acrush,dinic_bfs
0,0.83,29,15,15,0,21,acrush,dinic_dfs
0,1.00,9,7,7,0,15,acrush,dinic_flow
0,1.00,4,4,4,0,8,acrush,getfather
1,0.25,5,5,5,0,10,acrush,init
0,1.00,0,0,0,0,7,acrush,isDigit
0,1.00,0,0,0,0,11,acrush,isLetter
0,1.00,0,0,0,0,10,acrush,isLowerCase
0,0.00,1,1,1,0,24,acrush,isSkipCase
0,1.00,0,0,0,0,10,acrush,isUpperCase
1,0,0,0,0,0,8,acrush,lowbit
1,0.65,220,91,91,0,75,acrush,main
1,1.00,9,7,7,0,9,acrush,merge
1,0.62,30,21,21,0,48,acrush,solve
0,0.86,49,28,28,0,31,acrush,solve_fork
1,0,0,0,0,0,12,acrush,sqr
0,1.00,0,0,0,0,18,acrush,toDouble
0,1.00,0,0,0,0,10,acrush,toInt
0,1.00,0,0,0,0,10,acrush,toInt64
0,1.00,0,0,0,0,9,acrush,toLowerCase
0,1.00,0,0,0,0,13,acrush,toString
0,1.00,0,0,0,0,9,acrush,toUpperCase
0,0.69,137,77,77,0,38,ACube,dfs
1,0.60,6,5,5,0,12,ACube,main
0,0.60,194,45,45,0,36,ACube,main2
1,1.00,19,16,16,0,29,ACube,main
0,1.00,9,6,6,0,16,ACube,main2
1,1.00,39,23,23,0,29,ACube,main
1,1.00,5,0,4,0,12,ACube,num
1,1.00,17,10,11,0,20,ACube,proceed
1,1.00,5,1,4,0,7,ACube,sum
1,1.00,3,0,2,0,6,ACube,upd
1,0.75,5,4,4,0,9,ACube,main
0,0.75,55,24,24,0,23,ACube,main2
0,1.00,1,0,1,0,9,ACube,cmp
1,1.00,5,4,4,0,9,ACube,main
0,1.00,15,11,11,0,16,ACube,main2
1,0.78,5,4,4,0,9,ACube,main
0,0.78,43,27,27,0,29,ACube,main2
0,1.00,22,19,19,0,22,ACube,getmsk
1,1.00,1,0,1,0,5,ACube,getp
1,1.00,5,5,5,0,15,ACube,iscon
1,1.00,12,0,8,0,12,ACube,join
1,0.92,21,14,14,0,16,ACube,main
0,0.92,157,60,60,0,54,ACube,main2
1,1.00,5,4,4,0,9,ACube,main
0,1.00,69,27,27,0,26,ACube,main2
0,1.00,8,8,8,0,12,ACube,dfs
1,1.00,5,4,4,0,9,ACube,main
0,1.00,80,31,31,0,29,ACube,main2
1,1.00,24,4,16,0,18,ACube,output
1,0.57,0,0,18,0,28,adi.pearl,main
1,0.83,0,0,14,0,26,adi.pearl,main
1,1.00,0,0,44,0,23,adi.pearl,solve
1,1.00,0,0,7,0,14,adi.pearl,gett
1,0.67,0,0,12,0,26,adi.pearl,main
1,0.80,0,0,23,0,32,adi.pearl,main
1,1.00,0,0,14,0,24,adi.pearl,check
0,0,0,0,0,0,8,adi.pearl,gcd
1,0,0,0,0,0,9,adi.pearl,lcm
1,0.50,0,0,13,0,30,adi.pearl,main
1,0,0,0,0,0,8,adi.pearl,mod
1,1.00,0,0,8,0,15,adi.pearl,solve
1,0,0,0,0,0,29,adi.pearl,sqr
0,0,0,0,0,0,8,adi.pearl,gcd
1,0,0,0,0,0,9,adi.pearl,lcm
1,0.60,0,0,14,0,24,adi.pearl,main
1,0,0,0,0,0,8,adi.pearl,mod
1,0,0,0,0,0,26,adi.pearl,sqr
0,0,0,0,0,0,8,adi.pearl,gcd
1,0,0,0,0,0,9,adi.pearl,lcm
1,0.75,0,0,35,0,43,adi.pearl,main
1,0,0,0,0,0,8,adi.pearl,mod
1,0,0,0,1,0,29,adi.pearl,sqr
0,0,0,0,0,0,8,adi.pearl,gcd
1,0,0,0,0,0,9,adi.pearl,lcm
1,0.50,0,0,13,0,31,adi.pearl,main
1,0,0,0,0,0,29,adi.pearl,sqr
1,1.00,0,0,9,0,16,adi.pearl,valid
0,0,0,0,0,0,8,adi.pearl,gcd
0,1.00,0,0,3,0,12,adi.pearl,getpq
1,0,0,0,0,0,9,adi.pearl,lcm
1,0.33,0,0,19,0,37,adi.pearl,main
1,1.00,0,0,6,0,16,adi.pearl,minimise
1,0,0,0,0,0,8,adi.pearl,mod
1,0,0,0,0,0,28,adi.pearl,sqr
1,1.00,94,38,38,0,38,ADJA,main
1,1.00,43,20,20,0,35,ADJA,main
1,1.00,67,34,34,0,42,ADJA,main
1,1.00,26,13,13,0,27,ADJA,main
1,1.00,155,51,51,0,58,ADJA,main
1,0.86,251,73,73,0,48,ADJA,main
1,1.00,59,26,26,0,24,ADJA,go
1,1.00,22,12,13,0,28,ADJA,main
1,0,25,11,11,0,18,ADJA,put
1,1.00,88,8,40,0,31,ADJA,main
1,1.00,39,19,19,0,28,ADJA,main
1,1.00,0,0,7,0,11,Adrian.Orzepowski,main
1,1.00,0,0,6,0,13,Adrian.Orzepowski,solve
1,1.00,0,0,7,0,11,Adrian.Orzepowski,main
1,0.50,0,0,14,0,18,Adrian.Orzepowski,solve
1,1.00,0,0,7,0,11,Adrian.Orzepowski,main
1,1.00,0,0,17,0,23,Adrian.Orzepowski,solve
1,1.00,0,0,7,0,12,Adrian.Orzepowski,main
1,1.00,0,0,7,0,11,Adrian.Orzepowski,main
1,1.00,0,0,45,0,23,Adrian.Orzepowski,solve
1,1.00,0,0,6,0,8,Adrian.Orzepowski,bits
1,1.00,0,0,10,0,11,Adrian.Orzepowski,count
1,1.00,0,0,7,0,11,Adrian.Orzepowski,main
0,1.00,0,0,7,0,10,Adrian.Orzepowski,setStone
0,1.00,0,0,8,0,16,Adrian.Orzepowski,setStones
1,1.00,0,0,13,0,23,Adrian.Orzepowski,solve
1,1.00,0,0,7,0,11,Adrian.Orzepowski,main
1,1.00,0,0,20,0,29,Adrian.Orzepowski,solve
0,1.00,0,0,3,0,7,Adrian.Orzepowski,gcd
1,1.00,0,0,7,0,11,Adrian.Orzepowski,main
1,1.00,0,0,19,0,19,Adrian.Orzepowski,solve
1,1.00,0,0,7,0,17,Adrian.Orzepowski,finish
1,1.00,0,0,36,0,27,Adrian.Orzepowski,flow
1,0.43,0,0,27,0,22,Adrian.Orzepowski,init
1,1.00,0,0,22,0,25,Adrian.Orzepowski,insert
1,1.00,0,0,7,0,11,Adrian.Orzepowski,main
1,1.00,0,0,6,0,12,Adrian.Orzepowski,solve
1,1.00,0,0,6,0,14,Adrian.Orzepowski,update
1,1.00,47,28,28,0,23,AdrianKuegel,main
1,0.89,51,21,21,0,21,AdrianKuegel,main
1,0.91,134,47,47,0,42,AdrianKuegel,main
1,0.80,148,44,44,0,36,AdrianKuegel,main
0,1.00,14,10,10,0,22,AdrianKuegel,dfs
1,1.00,85,35,35,0,36,AdrianKuegel,main
1,1.00,59,24,24,0,19,AdrianKuegel,main
1,0.87,147,50,50,0,56,AdrianKuegel,main
1,1.00,87,34,34,0,26,AdrianKuegel,main
1,1.00,1,1,1,0,9,AdrianKuegel,comp
1,0.64,102,41,41,0,34,AdrianKuegel,main
1,0.92,53,40,44,0,38,adrianvidal,main
1,1.00,39,22,93,0,56,adrianvidal,attempt
1,1.00,609,273,278,0,38,adrianvidal,main
1,0.86,32,27,32,0,34,adrianvidal,process
1,1.00,19,13,19,0,39,adrianvidal,valid
1,0.80,51,27,31,0,30,adrianvidal,main
1,1.00,42,26,31,0,26,adrianvidal,main
1,0.75,54,31,35,0,44,adrianvidal,main
1,0.86,12,10,14,0,19,adrianvidal,main
0,1.00,5,4,9,0,14,adrianvidal,dfs
1,0.92,72,38,42,0,40,adrianvidal,main
1,0.85,94,52,56,0,43,adrianvidal,main
1,0.90,39,26,30,0,39,adrianvidal,main
1,1.00,0,0,12,0,28,AekdyCoin,main
1,1.00,0,0,13,0,16,AekdyCoin,gao
1,0,0,0,2,0,5,AekdyCoin,init
1,1.00,0,0,16,0,22,AekdyCoin,insert
1,1.00,0,0,14,0,25,AekdyCoin,main
1,0.33,0,0,5,0,15,AekdyCoin,read
1,1.00,0,0,24,0,24,AekdyCoin,dp
1,1.00,0,0,10,0,20,AekdyCoin,main
1,1.00,0,0,13,0,21,AekdyCoin,pre
1,0,0,0,3,0,21,AekdyCoin,read
1,1.00,0,0,42,0,42,AekdyCoin,main
1,1.00,0,0,1,0,8,AekdyCoin,bak
1,0,0,0,1,0,4,AekdyCoin,ent
1,1.00,0,0,22,0,33,AekdyCoin,main
1,0,0,0,4,0,8,AekdyCoin,typ
0,1.00,0,0,5,0,14,AekdyCoin,cmp
1,1.00,1,0,17,0,30,AekdyCoin,main
1,0.80,0,0,27,0,38,AekdyCoin,main
1,1.00,0,0,31,0,44,AekdyCoin,main
1,1.00,0,0,1,0,7,AekdyCoin,cross
1,1.00,0,0,2,0,10,AekdyCoin,gen
1,0.80,0,0,26,0,39,AekdyCoin,main
1,1.00,0,0,14,0,18,AekdyCoin,ok
1,0.75,58,30,30,0,27,AEtheReal,main
0,1.00,13,11,11,0,11,AEtheReal,isbad
1,0.80,71,38,38,0,32,AEtheReal,main
1,1.00,4,4,4,0,12,AEtheReal,rot
1,1.00,17,11,11,0,24,AEtheReal,main
1,1.00,38,21,21,0,26,AEtheReal,main
1,1.00,63,33,33,0,33,AEtheReal,main
1,0.74,136,60,60,0,44,AEtheReal,main
1,1.00,1,1,1,0,6,AEtheReal,pos
1,0.86,122,46,46,0,42,AEtheReal,main
1,0.88,76,28,28,0,30,AEtheReal,exh
1,1.00,10,8,8,0,17,AEtheReal,main
1,1.00,44,21,21,0,23,AEtheReal,main
1,0.25,0,0,5,0,9,afix,coll
0,1.00,0,0,1,0,7,afix,d2
1,0.90,0,0,39,0,46,afix,main
0,1.00,0,0,1,0,13,afix,cannonsurp
0,1.00,0,0,5,0,10,afix,cansurp
1,1.00,0,0,19,0,25,afix,main
1,1.00,0,0,3,0,8,afix,main
1,1.00,0,0,32,0,27,afix,solve
1,1.00,0,0,3,0,8,afix,main
1,1.00,0,0,16,0,22,afix,solve
1,1.00,0,0,4,0,8,afix,main
1,1.00,0,0,17,0,22,afix,solve
0,1.00,0,0,5,0,13,afix,dfs
1,1.00,0,0,4,0,8,afix,main
1,1.00,0,0,19,0,25,afix,solve
1,1.00,0,0,4,0,8,afix,main
1,1.00,0,0,15,0,16,afix,rec
1,1.00,0,0,14,0,23,afix,solve
0,1.00,0,0,7,0,17,afix,dfs
1,1.00,0,0,4,0,8,afix,main
1,0.29,0,0,9,0,21,afix,relax
1,1.00,0,0,23,0,34,afix,solve
1,1.00,0,0,5,0,8,afix,main
1,1.00,0,0,19,0,22,afix,solve
1,0.50,0,0,12,0,27,AguL,main
1,0.82,0,0,27,0,26,AguL,main
1,0.50,103,35,35,0,29,AguL,main
0,0,0,0,0,0,25,AguL,fIO
1,1.00,35,17,17,0,18,AguL,go
1,0.50,91,41,42,0,40,AguL,main
0,1.00,11,8,8,0,15,AguL,dfs
0,0,0,0,0,0,14,AguL,fIO
1,0.67,58,27,28,0,40,AguL,main
0,0,0,0,0,0,17,AguL,fIO
1,0.50,69,32,33,0,35,AguL,main
0,0,0,0,0,0,14,AguL,fIO
1,0.67,80,32,33,0,36,AguL,main
1,0,0,0,0,0,7,AguL,abs
1,1.00,0,0,0,0,6,AguL,dig
0,1.00,3,3,3,0,27,AguL,fIO
0,0,0,0,0,0,11,AguL,gcd
0,1.00,0,0,0,0,11,AguL,isAlpha
0,1.00,0,0,0,0,7,AguL,isDigit
0,1.00,0,0,0,0,10,AguL,isLowerCase
0,0,0,0,0,0,16,AguL,isPrime
0,1.00,0,0,0,0,31,AguL,isUpperCase
1,0,0,0,0,0,9,AguL,lcm
0,1.00,0,0,0,0,8,AguL,lowerCase
1,0.50,83,33,33,0,30,AguL,main
1,0,0,0,0,0,12,AguL,ppow
1,0,0,0,0,0,7,AguL,sqr
1,1.00,0,0,0,0,9,AguL,swap
1,0,0,0,0,0,11,AguL,toa
1,1.00,0,0,0,0,9,AguL,toi
1,0,0,0,0,0,9,AguL,tol
0,1.00,0,0,0,0,8,AguL,upperCase
1,0,0,0,0,0,7,AguL,abs
1,1.00,0,0,0,0,6,AguL,dig
0,1.00,3,3,3,0,27,AguL,fIO
0,0,0,0,0,0,11,AguL,gcd
0,1.00,0,0,0,0,11,AguL,isAlpha
0,1.00,0,0,0,0,7,AguL,isDigit
0,1.00,0,0,0,0,10,AguL,isLowerCase
0,0,0,0,0,0,16,AguL,isPrime
0,1.00,0,0,0,0,33,AguL,isUpperCase
1,0,0,0,0,0,9,AguL,lcm
0,1.00,0,0,0,0,8,AguL,lowerCase
1,0.50,138,45,45,0,27,AguL,main
1,0,0,0,0,0,12,AguL,ppow
1,0,0,0,0,0,7,AguL,sqr
1,1.00,0,0,0,0,9,AguL,swap
1,0,0,0,0,0,11,AguL,toa
1,1.00,0,0,0,0,9,AguL,toi
1,0,0,0,0,0,9,AguL,tol
0,1.00,0,0,0,0,8,AguL,upperCase
1,0,2,2,18,0,68,AHA,Ahmadi
0,1.00,1,1,3,0,9,AHA,checkfound
1,0,0,0,2,0,5,AHA,clear
1,0.50,2,2,7,0,9,AHA,main
1,1.00,9,9,16,0,20,AHA,mirror
0,0,8,7,9,0,7,AHA,reflectx
0,0,4,4,6,0,7,AHA,reflecty
1,0.75,12,12,19,0,35,AHA,solve
1,0,94,47,49,0,39,AHA,trace
1,0,0,0,0,0,47,AHA,Ahmadi
1,0,0,0,0,0,2,AHA,clear
1,0.83,3,3,17,0,65,AHA,main
1,0.67,1,1,5,0,13,AHA,solve
1,0,0,0,0,0,45,AHA,Ahmadi
1,0,0,0,0,0,2,AHA,clear
1,0.50,2,2,7,0,9,AHA,main
1,0.89,14,13,19,0,19,AHA,solve
1,0,0,0,5,0,59,AHA,Ahmadi
1,0,0,0,1,0,5,AHA,clear
1,1.00,4,4,18,0,19,AHA,go
1,1.00,22,12,13,0,12,AHA,init
1,0.50,2,2,8,0,10,AHA,main
1,0.75,0,0,8,0,16,AHA,solve
1,0,0,0,0,0,51,AHA,Ahmadi
1,0,0,0,1,0,4,AHA,clear
1,0.50,2,2,7,0,9,AHA,main
1,0.60,10,9,17,0,19,AHA,solve
1,0,2,2,8,0,58,AHA,Ahmadi
0,0.73,40,40,51,0,48,AHA,canlive
1,0,0,0,0,0,2,AHA,clear
1,0.50,2,2,7,0,9,AHA,main
1,0.86,14,10,25,0,30,AHA,solve
1,0,0,0,0,0,48,AHA,Ahmadi
1,0,0,0,0,0,2,AHA,clear
1,0.50,2,2,7,0,9,AHA,main
1,0.91,26,21,29,0,32,AHA,solve
1,0,0,0,0,0,50,AHA,Ahmadi
1,0,0,0,1,0,3,AHA,clear
1,0.50,2,2,7,0,9,AHA,main
1,0.83,9,9,16,0,21,AHA,solve
1,0,0,0,0,0,55,AHA,Ahmadi
0,0.75,14,14,23,0,25,AHA,bfs
1,0,0,0,2,0,6,AHA,clear
1,0.71,14,13,23,0,29,AHA,find
0,0.71,8,8,17,0,22,AHA,findfs
1,0.50,2,2,7,0,9,AHA,main
1,0.83,6,6,21,0,28,AHA,solve
1,0,4,4,4,0,12,AHdoc,main
0,1.00,13,9,9,0,15,AHdoc,Check
1,1.00,16,11,11,0,24,AHdoc,main
1,1.00,11,9,9,0,18,AHdoc,main
0,0.00,0,0,0,0,8,AHdoc,Compare
0,1.00,8,8,8,0,17,AHdoc,Solve
1,1.00,5,5,5,0,17,AHdoc,main
1,1.00,8,6,6,0,18,AHdoc,main
0,1.00,10,7,7,0,11,AHdoc,Dfs
0,1.00,93,62,62,0,43,AHdoc,Dfs_
1,1.00,10,7,7,0,18,AHdoc,main
1,1.00,16,10,10,0,20,AHdoc,main
1,1.00,12,8,8,0,21,AHdoc,main
0,0.00,1,1,1,0,8,AHdoc,Check
0,0.88,249,64,64,0,34,AHdoc,Dfs
1,1.00,12,8,8,0,18,AHdoc,main
0,1.00,0,0,21,0,25,AhmedSalem,dfs
1,0.80,0,0,44,0,40,AhmedSalem,main
1,1.00,0,0,19,0,27,AhmedSalem,main
1,1.00,0,0,8,0,15,AhmedSalem,solve
1,0.71,0,0,39,0,38,AhmedSalem,main
0,0.00,0,0,4,0,12,AhmedSalem,getCmp
1,1.00,0,0,23,0,43,AhmedSalem,main
0,1.00,0,0,8,0,18,AhmedSalem,padZeros
1,0.40,0,0,14,0,28,AhmedSalem,solve
1,1.00,0,0,30,0,43,AhmedSalem,main
1,0.80,0,0,24,0,24,AhmedSalem,solve
1,0.80,0,0,27,0,38,AhmedSalem,main
1,1.00,0,0,15,0,19,AhmedSalem,solve
1,0,0,0,8,0,16,AhmedSalem,tokenize
1,1.00,0,0,9,0,13,AhmedSalem,brute
1,1.00,0,0,22,0,33,AhmedSalem,main
0,1.00,0,0,29,0,33,AhmedSalem,trieSize
1,1.00,0,0,34,0,39,AhmedSalem,main
1,1.00,0,0,7,0,10,AhmedSalem,query
1,1.00,0,0,3,0,9,AhmedSalem,update
0,1.00,0,0,6,0,16,AhmedSalem,getBest
1,1.00,0,0,27,0,35,AhmedSalem,main
1,0.80,0,0,13,0,25,ahri,main
1,1.00,0,0,2,0,11,ahri,translate
1,1.00,0,0,17,0,21,ahri,main
1,1.00,0,0,12,0,20,ahri,probaj
1,1.00,0,0,9,0,12,ahri,solve
1,0.93,0,0,44,0,39,ahri,main
1,1.00,0,0,9,0,13,ahri,precalc
1,1.00,0,0,18,0,23,ahri,main
1,1.00,0,0,28,0,29,ahri,solve
1,1.00,0,0,13,0,21,ahri,main
1,0.60,0,0,12,0,16,ahri,solve
1,0.75,0,0,12,0,19,ahri,main
0,0.67,0,0,46,0,41,ahri,solveQuad
1,0.67,0,0,11,0,18,ahri,main
1,0.67,0,0,16,0,19,ahri,rek
1,1.00,0,0,14,0,20,ahri,solve
0,1.00,0,0,4,0,9,ahri,dfs
1,0.67,0,0,11,0,20,ahri,main
1,1.00,0,0,23,0,24,ahri,solve
0,1.00,0,0,22,0,30,ahri,binarySearch
0,1.00,0,0,10,0,22,ahri,canBeEliminated
1,0.75,0,0,14,0,19,ahri,main
0,1.00,0,0,21,0,31,ahxun2006,gcd
1,0.42,0,0,68,0,58,ahxun2006,main
1,0.83,0,0,28,0,43,ahxun2006,main
1,0.83,0,0,34,0,42,ahxun2006,main
1,0.90,0,0,30,0,37,ahxun2006,main
1,0.91,0,0,60,0,45,ahxun2006,main
1,0.89,0,0,46,0,36,ahxun2006,main
1,0.75,0,0,19,0,39,ahxun2006,main
1,0.71,0,0,21,0,23,ahxun2006,solve
0,1.00,0,0,11,0,16,ahxun2006,dfs
1,0.86,0,0,32,0,48,ahxun2006,main
1,0.89,0,0,30,0,40,ahxun2006,main
1,1.00,0,0,15,0,20,Ahyangyi,main
1,0.78,0,0,34,0,19,Ahyangyi,main
1,1.00,0,0,18,0,17,Ahyangyi,main
1,1.00,0,0,12,0,18,Ahyangyi,main
1,0.86,0,0,38,0,26,Ahyangyi,work
0,1.00,0,0,12,0,15,Ahyangyi,l33t
1,1.00,0,0,8,0,14,Ahyangyi,main
1,1.00,0,0,65,0,34,Ahyangyi,work
1,1.00,0,0,7,0,10,Ahyangyi,anc
0,1.00,0,0,1,0,7,Ahyangyi,atedge
0,1.00,0,0,27,0,11,Ahyangyi,init1
0,1.00,0,0,2,0,8,Ahyangyi,init2
0,1.00,0,0,1,0,7,Ahyangyi,inrange
0,0.60,0,0,29,0,17,Ahyangyi,judge1
1,1.00,0,0,85,0,44,Ahyangyi,main
0,0.25,0,0,8,0,15,Ahyangyi,merge1
0,0.25,0,0,8,0,15,Ahyangyi,merge2
1,1.00,0,0,0,0,5,Ahyangyi,min
1,1.00,0,0,42,0,27,Ahyangyi,main
1,0.75,0,0,55,0,30,Ahyangyi,main
1,1.00,0,0,5,0,12,Ahyangyi,add
1,1.00,0,0,53,0,37,Ahyangyi,main
1,0.57,0,0,15,0,24,Ahyangyi,move
1,1.00,0,0,29,0,38,aibaiche,main
1,1.00,0,0,25,0,18,aibaiche,war
1,1.00,0,0,19,0,30,aibaiche,main
1,0.00,0,0,66,0,29,aibaiche,print
1,1.00,0,0,27,0,40,aibaiche,main
1,1.00,0,0,37,0,36,aibaiche,main
1,0,0,0,10,0,13,aibaiche,cal
0,1.00,0,0,5,0,10,aibaiche,cal_in
0,1.00,0,0,5,0,10,aibaiche,cal_out
1,1.00,0,0,4,0,10,aibaiche,change
0,1.00,0,0,1,0,5,aibaiche,getmax
0,1.00,0,0,1,0,14,aibaiche,getmin
1,1.00,0,0,4,0,14,aibaiche,ise
1,1.00,0,0,50,0,49,aibaiche,main
1,1.00,0,0,16,0,19,aibaiche,valid
0,1.00,0,0,1,0,5,aibaiche,getmax
0,1.00,0,0,2,0,7,aibaiche,getmin
1,1.00,0,0,22,0,34,aibaiche,main
1,1.00,0,0,76,0,61,aibaiche,main
1,0.58,0,0,84,0,55,aibaiche,main
1,1.00,0,0,15,0,13,aibaiche,ch
1,1.00,0,0,7,0,13,aibaiche,deal
0,1.00,0,0,3,0,8,aibaiche,gcd
1,1.00,0,0,30,0,31,aibaiche,main
1,0.14,0,0,34,0,79,AIQINGXING,main
0,1.00,0,0,23,0,23,AIQINGXING,dfs
1,1.00,0,0,20,0,28,AIQINGXING,main
1,1.00,0,0,9,0,11,AIQINGXING,pan
1,1.00,0,0,32,0,32,AIQINGXING,main
1,0.80,0,0,45,0,43,AIQINGXING,main
0,1.00,0,0,4,0,9,AIQINGXING,cmp
1,1.00,0,0,44,0,41,AIQINGXING,main
1,1.00,0,0,38,0,32,AIQINGXING,main
1,1.00,0,0,29,0,34,AIQINGXING,main
1,1.00,0,0,61,0,42,AIQINGXING,main
1,0.50,0,0,7,0,14,AIQINGXING,cao
1,0.71,0,0,25,0,26,AIQINGXING,fuck
1,1.00,0,0,28,0,35,AIQINGXING,main
1,0.40,0,0,8,0,13,AIQINGXING,pan
1,1.00,0,0,3,0,11,AIQINGXING,suan
0,1.00,0,0,21,0,24,AIQINGXING,yuchuli
1,0.70,104,43,43,0,25,airsplay,main
1,0.71,148,54,54,0,30,airsplay,main
0,1.00,55,20,20,0,14,airsplay,solvek
1,1.00,180,84,85,0,18,airsplay,write
1,0.75,35,18,18,0,23,airsplay,main
1,0.86,81,35,35,0,30,airsplay,main
1,0.79,254,70,70,0,47,airsplay,main
1,0.86,45,23,23,0,21,airsplay,main
0,0.75,59,26,26,0,22,airsplay,dfs
1,0.78,89,25,25,0,28,airsplay,main
1,0.75,8,7,7,0,12,airsplay,main
1,0.50,3,3,3,0,6,airsplay,exchange
1,0.50,46,22,22,0,19,airsplay,main
1,0,26,26,26,0,28,Aiz,init
1,1.00,15,6,18,0,28,Aiz,main
1,1.00,40,14,24,0,26,Aiz,main
1,0.78,32,12,22,0,27,Aiz,main
1,1.00,153,47,57,0,32,Aiz,main
1,1.00,32,14,24,0,31,Aiz,main
0,1.00,4,3,3,0,9,Aiz,cmp
1,1.00,36,16,26,0,25,Aiz,main
1,1.00,19,11,11,0,13,Aiz,calc
0,1.00,7,5,5,0,9,Aiz,cmp
1,1.00,57,23,33,0,36,Aiz,main
1,0.58,185,72,72,0,29,Aiz,ok
1,1.00,19,11,11,0,13,Aiz,calc
0,1.00,7,5,5,0,9,Aiz,cmp
1,1.00,57,23,33,0,36,Aiz,main
1,0.58,185,72,72,0,29,Aiz,ok
1,1.00,49,20,30,0,31,Aiz,main
1,0.80,76,33,33,0,26,AizukiKoh,deceit
1,0.89,51,29,29,0,33,AizukiKoh,main
0,1.00,1,1,1,0,10,AizukiKoh,outputAnswer
1,0.86,28,19,19,0,32,AizukiKoh,main
0,1.00,1,1,1,0,12,AizukiKoh,outputAnswer
1,0.75,7,5,5,0,9,AizukiKoh,solve
0,0.50,1,1,1,0,5,AizukiKoh,xTime
1,0.80,36,24,24,0,38,AizukiKoh,main
0,1.00,18,12,12,0,17,AizukiKoh,outputAnswer
1,1.00,11,7,7,0,12,AizukiKoh,compare
0,1.00,63,33,33,0,32,AizukiKoh,hasDist
1,1.00,46,26,26,0,29,AizukiKoh,main
0,1.00,7,5,5,0,13,AizukiKoh,outputAnswer
1,1.00,26,15,15,0,25,AizukiKoh,solve
1,1.00,53,22,22,0,24,AizukiKoh,main
0,1.00,1,1,1,0,9,AizukiKoh,printAnswer
1,1.00,29,18,18,0,26,AizukiKoh,main
0,1.00,7,5,5,0,13,AizukiKoh,printAnswer
1,0.88,79,39,39,0,23,AizukiKoh,solve
1,1.00,8,6,6,0,11,AizukiKoh,answer
1,0.86,77,34,34,0,29,AizukiKoh,main
1,1.00,23,15,15,0,10,AizukiKoh,solve
1,1.00,1,1,1,0,8,AizukiKoh,ans
1,1.00,27,15,15,0,21,AizukiKoh,main
1,1.00,40,19,19,0,19,AizukiKoh,solve
1,0.75,39,22,23,0,33,AK93,main
0,1.00,99,33,33,0,24,AK93,solve1
0,1.00,76,26,26,0,23,AK93,solve2
1,0.78,176,57,58,0,34,AK93,main
1,1.00,49,23,24,0,36,AK93,main
1,1.00,118,41,42,0,36,AK93,main
1,1.00,39,19,19,0,28,AK93,main
0,1.00,154,52,52,0,43,AK93,getans
1,1.00,83,40,40,0,46,AK93,main
1,1.00,31,15,15,0,14,AK93,check
0,0.89,77,35,35,0,25,AK93,check2
1,1.00,88,39,39,0,39,AK93,main
1,1.00,1,1,1,0,5,AK93,check
0,1.00,20,12,12,0,14,AK93,check2
1,0.88,163,61,61,0,42,AK93,main
1,1.00,35,19,19,0,22,AK93,check
1,0.83,55,28,28,0,36,AK93,main
1,1.00,0,0,12,0,26,Akai,main
1,0.80,5,5,33,0,33,Akai,main
1,0,0,0,19,0,17,Akai,get
1,1.00,0,0,13,0,32,Akai,main
1,1.00,0,0,14,0,26,Akai,main
1,0,0,0,3,0,15,Akai,get
1,1.00,0,0,44,0,34,Akai,main
0,1.00,0,0,7,0,14,Akai,dfs
1,1.00,0,0,23,0,34,Akai,main
1,0.75,0,0,25,0,30,Akai,main
0,1.00,0,0,13,0,18,Akai,getans
1,1.00,0,0,19,0,30,Akai,main
1,1.00,0,0,1,0,8,Akai,change
1,1.00,0,0,24,0,35,Akai,main
0,0,33,13,13,0,18,akashin,deceitful_war
1,0.75,13,10,10,0,29,akashin,main
1,0,58,19,19,0,23,akashin,war
1,0.67,12,10,10,0,29,akashin,main
1,0.67,12,10,10,0,31,akashin,main
1,0.75,13,10,10,0,29,akashin,main
0,0,29,11,11,0,15,akashin,solveStupid
0,0,11,9,9,0,15,akashin,extendPath
1,0.75,13,10,10,0,29,akashin,main
0,0,23,10,10,0,17,akashin,oneStepReachable
1,0.00,8,5,5,0,10,akashin,reachable
0,0,34,16,16,0,21,akashin,reachableSetsUnion
1,0.75,13,10,10,0,29,akashin,main
0,0,0,0,2,0,10,akashin,addEdge
0,0,161,48,48,0,39,akashin,buildNetwork
0,0,0,0,20,0,26,akashin,buildResidualNetwork
1,0,2,2,22,0,21,akashin,dinic
0,0,59,33,41,0,57,akashin,findMaxFlow
0,0,11,6,6,0,10,akashin,getIn
0,0,11,6,6,0,10,akashin,getOut
1,0,21,15,15,0,22,akashin,good
1,0.75,13,10,10,0,29,akashin,main
0,0,76,32,32,0,27,akashin,findNodesNumber
0,0,44,17,17,0,26,akashin,findServerNodesNumber
1,0.75,13,10,10,0,29,akashin,main
1,0.75,13,10,10,0,29,akashin,main
0,1.00,1,1,1,0,7,akat,cmp
1,1.00,9,7,7,0,9,akat,main
1,0.86,47,31,31,0,21,akat,solve
1,1.00,9,7,7,0,10,akat,check
0,1.00,7,6,6,0,13,akat,dfs
1,1.00,9,7,7,0,10,akat,main
1,1.00,20,13,13,0,14,akat,pa
1,1.00,84,43,43,0,26,akat,solve
0,1.00,5,4,4,0,16,akat,sysedi
1,1.00,9,7,7,0,10,akat,main
1,1.00,11,9,9,0,14,akat,solve
1,1.00,9,7,7,0,9,akat,main
1,0.75,50,28,28,0,19,akat,solve
1,1.00,9,7,7,0,9,akat,main
1,1.00,9,6,6,0,14,akat,solve
1,1.00,9,7,7,0,9,akat,main
1,1.00,75,40,40,0,34,akat,solve
1,1.00,9,7,7,0,9,akat,main
1,1.00,78,40,40,0,33,akat,solve
1,1.00,9,7,7,0,9,akat,main
1,1.00,78,42,42,0,20,akat,solve
1,1.00,9,7,7,0,9,akat,main
1,1.00,39,22,22,0,18,akat,solve
0,1.00,0,0,6,0,11,akazakov,bitCount
0,0.88,0,0,72,0,38,akazakov,checkPosition
1,0.50,0,0,10,0,25,akazakov,main
0,1.00,0,0,23,0,27,akazakov,output_1cell
0,1.00,0,0,26,0,30,akazakov,getTime
1,0.50,0,0,9,0,22,akazakov,main
1,0.50,0,0,9,0,22,akazakov,main
0,0,0,0,8,0,10,akazakov,bitCount
0,0,0,0,36,0,42,akazakov,checkSolution
1,0.50,0,0,10,0,25,akazakov,main
1,0.50,0,0,11,0,29,akazakov,main
1,0.50,0,0,10,0,25,akazakov,main
0,1.00,0,0,45,0,40,akazakov,bitCnt
1,0,0,0,6,0,11,akazakov,load
1,0.33,0,0,29,0,56,akazakov,main
1,0.00,0,0,17,0,25,akazakov,print
1,0,0,0,1,0,2,akazakov,read
1,0.00,0,0,1,0,2,akazakov,solve
1,0.33,0,0,29,0,56,akazakov,main
1,0.00,0,0,36,0,51,akazakov,print
1,0,0,0,1,0,2,akazakov,read
1,0.00,0,0,1,0,2,akazakov,solve
0,1.00,0,0,20,0,19,akazakov,gcd
1,0.33,0,0,29,0,56,akazakov,main
1,0.00,0,0,4,0,16,akazakov,print
1,0,0,0,1,0,2,akazakov,read
1,0.00,0,0,1,0,2,akazakov,solve
1,0.75,477,154,175,0,44,akhtyamovpavel,main
1,0.56,57,29,29,0,35,akhtyamovpavel,main
1,0.36,104,46,46,0,31,akhtyamovpavel,main
1,0.88,19,0,19,0,23,akhtyamovpavel,main
1,0.69,82,13,54,0,46,akhtyamovpavel,main
0,0.88,0,0,31,0,37,akhtyamovpavel,bfs
1,0.80,0,0,60,0,39,akhtyamovpavel,main
1,1.00,0,0,6,0,9,akhtyamovpavel,check
0,1.00,0,0,3,0,6,akhtyamovpavel,gcd
1,0.70,2,0,50,0,38,akhtyamovpavel,main
0,1.00,55,26,26,0,27,akhtyamovpavel,dfs
0,1.00,24,13,13,0,15,akhtyamovpavel,dfs_wrapper
1,0.90,43,0,33,0,34,akhtyamovpavel,main
0,1.00,0,0,7,0,15,akhtyamovpavel,build_mask
1,0.50,6,0,43,0,42,akhtyamovpavel,main
1,0.86,0,0,25,0,26,akhtyamovpavel,solve
1,0.64,2,0,51,0,31,Akitsukineko,main
1,0.86,3,0,81,0,21,Akitsukineko,main
1,0.88,4,0,33,0,29,Akitsukineko,main
1,0.80,1,0,52,0,29,Akitsukineko,main
0,1.00,0,0,6,0,8,Akitsukineko,bitcount
1,0.81,3,0,106,0,42,Akitsukineko,main
1,0.90,2,0,41,0,26,Akitsukineko,main
1,0.64,2,0,81,0,39,Akitsukineko,main
1,0.71,1,0,61,0,20,Akitsukineko,main
1,0.64,2,0,50,0,27,Akitsukineko,main
1,0.75,0,0,36,0,31,AKM,main
1,1.00,0,0,18,0,21,AKM,main
1,0.62,0,0,32,0,22,AKM,main
1,1.00,0,0,14,0,16,AKM,main
1,0.90,0,0,48,0,39,AKM,main
1,0.85,0,0,70,0,44,AKM,main
1,1.00,0,0,1,0,4,AKM,val
1,1.00,0,0,17,0,16,AKM,BT
1,1.00,0,0,17,0,26,AKM,add
1,1.00,0,0,6,0,17,AKM,del
1,1.00,0,0,14,0,18,AKM,main
1,1.00,0,0,31,0,18,AKM,BT
1,1.00,0,0,19,0,22,AKM,main
1,1.00,0,0,32,0,27,AKM,main
1,0.29,0,0,10,0,14,aknow,cheat
1,0.75,0,0,20,0,23,aknow,main
1,0.38,0,0,11,0,17,aknow,normal
1,0,0,0,0,0,20,aknow,size
1,0,0,0,0,0,8,aknow,sqr
1,0,0,0,0,0,50,aknow,tostr
1,0,0,0,5,0,9,aknow,clear
0,1.00,0,0,16,0,20,aknow,fillCol
0,1.00,0,0,4,0,9,aknow,fillRow
1,0.50,0,0,21,0,30,aknow,main
1,0,0,0,0,0,20,aknow,size
1,0,0,0,0,0,8,aknow,sqr
1,0,0,0,0,0,53,aknow,tostr
0,1.00,0,0,23,0,20,aknow,tryH
0,1.00,0,0,23,0,20,aknow,tryV
1,0.80,0,0,10,0,19,aknow,main
1,1.00,0,0,10,0,10,aknow,simulate
1,0,0,0,0,0,20,aknow,size
1,0,0,0,0,0,8,aknow,sqr
1,0,0,0,0,0,47,aknow,tostr
1,0.88,0,0,42,0,34,aknow,main
1,0,0,0,0,0,20,aknow,size
1,0,0,0,0,0,8,aknow,sqr
1,0,0,0,0,0,47,aknow,tostr
0,1.00,0,0,3,0,9,aknow,flipSwitch
0,0.83,0,0,15,0,22,aknow,fullfill
1,1.00,0,0,11,0,17,aknow,initial
1,0.50,0,0,17,0,28,aknow,main
1,0,0,0,0,0,20,aknow,size
1,0,0,0,0,0,8,aknow,sqr
0,1.00,0,0,2,0,8,aknow,suffixNumber
1,1.00,0,0,2,0,7,aknow,test
0,1.00,0,0,17,0,17,aknow,test_dfs
0,0.75,0,0,25,0,25,aknow,toNumber
1,0,0,0,0,0,54,aknow,tostr
0,1.00,0,0,2,0,11,aknow,computeMaxRemain
0,1.00,0,0,19,0,22,aknow,computeMaxRemain_dfs
0,0.50,0,0,2,0,11,aknow,computeSubNodes
0,0.50,0,0,5,0,13,aknow,computeSubNodes_dfs
1,0.75,0,0,13,0,20,aknow,main
1,1.00,0,0,13,0,18,aknow,read
1,0,0,0,0,0,20,aknow,size
1,0,0,0,0,0,8,aknow,sqr
1,0,0,0,0,0,53,aknow,tostr
1,0.80,0,0,18,0,22,aknow,main
1,0,0,0,0,0,3,aknow,size
1,0,0,0,0,0,8,aknow,sqr
1,0,0,0,0,0,50,aknow,tostr
1,1.00,0,0,14,0,19,aknow,convert
1,0.40,0,0,4,0,13,aknow,dump
1,0.75,0,0,20,0,27,aknow,main
1,1.00,0,0,8,0,16,aknow,ok
1,0,0,0,0,0,3,aknow,size
1,0.60,0,0,21,0,20,aknow,solve
1,0,0,0,0,0,8,aknow,sqr
1,0,0,0,3,0,56,aknow,tostr
1,1.00,0,0,9,0,21,aknow,compute
1,1.00,0,0,6,0,12,aknow,factorial
1,1.00,0,0,10,0,20,aknow,initial
1,0.50,0,0,9,0,16,aknow,input
1,0.50,0,0,13,0,22,aknow,main
1,0,0,0,0,0,3,aknow,size
1,0,0,0,0,0,8,aknow,sqr
1,0,0,0,0,0,61,aknow,tostr
0,1.00,0,0,5,0,17,aknow,uniqueString
1,0.50,0,0,12,0,21,aknow,valid
1,0.53,145,57,57,0,58,akrasuski1,main
1,0,140,60,60,0,102,akrasuski1,empty
1,0.92,423,108,108,0,61,akrasuski1,main
1,1.00,38,17,17,0,20,akrasuski1,main
1,1.00,117,44,44,0,30,akrasuski1,main
1,0.86,0,0,62,0,46,akrasuski1,main
1,1.00,0,0,46,0,33,akrasuski1,main
1,1.00,0,0,34,0,33,akrasuski1,factorial
1,1.00,0,0,26,0,36,akrasuski1,main
1,1.00,0,0,27,0,35,akrasuski1,main
1,1.00,0,0,4,0,9,akrasuski1,min
0,1.00,0,0,1,0,6,akrasuski1,cmp
1,1.00,0,0,27,0,38,akrasuski1,main
1,0,0,0,0,0,4,Al.Cash,abs
0,1.00,0,0,0,0,16,Al.Cash,gcd
1,0.90,0,0,45,0,24,Al.Cash,go
1,0.75,0,0,27,0,42,Al.Cash,main
0,0,0,0,0,0,13,Al.Cash,smax
1,0,0,0,0,0,8,Al.Cash,smin
1,0.75,0,0,25,0,38,Al.Cash,main
0,0,0,0,0,0,18,Al.Cash,smax
1,0,0,0,0,0,8,Al.Cash,smin
1,0.91,0,0,21,0,39,Al.Cash,main
0,0,0,0,0,0,13,Al.Cash,smax
1,0,0,0,0,0,8,Al.Cash,smin
1,0.57,0,0,20,0,33,Al.Cash,main
0,1.00,0,0,0,0,19,Al.Cash,smax
1,0,0,0,0,0,8,Al.Cash,smin
1,0.88,0,0,22,0,36,Al.Cash,main
0,0,0,0,0,0,17,Al.Cash,smax
1,0,0,0,0,0,8,Al.Cash,smin
1,0.86,0,0,31,0,42,Al.Cash,main
1,0.67,0,0,2,0,11,Al.Cash,outp
0,0,0,0,0,0,18,Al.Cash,smax
1,0,0,0,0,0,8,Al.Cash,smin
1,1.00,0,0,4,0,12,Al.Cash,ch
0,0.83,0,0,11,0,28,Al.Cash,dfs
1,0.90,0,0,28,0,55,Al.Cash,main
0,0,0,0,0,0,33,Al.Cash,smax
1,0,0,0,0,0,8,Al.Cash,smin
1,0.80,0,0,18,0,34,Al.Cash,main
0,1.00,0,0,0,0,18,Al.Cash,smax
1,0,0,0,0,0,8,Al.Cash,smin
1,0.79,0,0,44,0,32,Al.Cash,fill
1,0.75,0,0,16,0,37,Al.Cash,main
0,0,0,0,0,0,22,Al.Cash,smax
1,0,0,0,0,0,8,Al.Cash,smin
1,1.00,36,28,28,0,29,alabax,check
1,1.00,29,17,17,0,17,alabax,main
1,1.00,83,31,31,0,21,alabax,solve
1,1.00,16,12,12,0,14,alabax,main
1,1.00,18,11,11,0,16,alabax,solve
1,1.00,16,11,11,0,13,alabax,main
1,1.00,81,30,30,0,19,alabax,solve
1,1.00,21,13,13,0,16,alabax,main
1,1.00,18,11,11,0,15,alabax,solve
1,1.00,23,15,15,0,22,alabax,main
1,1.00,41,17,17,0,20,alabax,solve
1,1.00,31,14,14,0,18,alabax,dump
1,1.00,40,22,22,0,21,alabax,main
1,0.88,211,52,52,0,34,alabax,solve
1,1.00,8,7,7,0,10,alabax,dump
1,1.00,44,21,21,0,16,alabax,main
1,1.00,139,39,39,0,28,alabax,solve
0,1.00,22,16,16,0,19,alabax,findd
1,1.00,30,18,18,0,20,alabax,main
1,1.00,9,6,6,0,11,alabax,solve
1,1.00,25,15,15,0,16,alabax,main
1,0.75,116,38,38,0,26,alabax,solve
1,1.00,2,2,2,0,8,AlanC,main
1,1.00,21,17,17,0,22,AlanC,solve
1,0.57,8,6,6,0,13,AlanC,test
1,1.00,2,2,2,0,8,AlanC,main
1,1.00,211,75,75,0,29,AlanC,solve
1,1.00,2,2,2,0,8,AlanC,main
1,1.00,13,10,10,0,22,AlanC,solve
1,1.00,2,2,2,0,8,AlanC,main
1,1.00,32,20,20,0,26,AlanC,solve
1,1.00,2,2,2,0,8,AlanC,main
1,1.00,39,22,22,0,31,AlanC,solve
1,0.71,29,15,15,0,20,AlanC,DFS
1,1.00,3,3,3,0,9,AlanC,bd
1,1.00,2,2,2,0,8,AlanC,main
1,1.00,22,15,15,0,23,AlanC,solve
1,1.00,40,18,18,0,20,AlanC,DFS
1,1.00,18,11,11,0,19,AlanC,main
1,1.00,57,28,28,0,25,AlanC,main
1,1.00,3,3,3,0,8,AlanC,query
1,1.00,8,6,6,0,14,AlanC,update
1,1.00,59,25,25,0,22,AlanC,main
1,1.00,48,41,41,0,40,alantian,main
1,1.00,76,22,22,0,26,alantian,main
1,1.00,0,0,26,0,16,alantian,end
1,1.00,0,0,16,0,19,alantian,main
1,1.00,0,0,12,0,10,alantian,solve
1,0.71,0,0,23,0,22,alantian,main
1,1.00,0,0,4,0,8,alantian,main
1,1.00,0,0,13,0,17,alantian,solve
1,1.00,0,0,4,0,8,alantian,main
1,1.00,0,0,17,0,26,alantian,solve
1,1.00,0,0,18,0,13,alantian,go
1,1.00,0,0,4,0,8,alantian,main
1,1.00,0,0,14,0,27,alantian,solve
1,0,0,0,11,0,21,alantian,tr
1,1.00,0,0,4,0,8,alantian,main
1,1.00,0,0,20,0,26,alantian,solve
1,1.00,0,0,4,0,8,alantian,main
1,1.00,0,0,26,0,22,alantian,solve
1,0.50,40,21,21,0,18,alberist,check
0,1.00,8,6,6,0,8,alberist,gcd
1,1.00,7,6,6,0,14,alberist,main
1,0.29,245,75,75,0,25,alberist,move
1,0.50,15,11,11,0,9,alberist,rotate
1,1.00,77,27,27,0,33,alberist,solve
1,1.00,24,18,18,0,65,alberist,main
1,1.00,15,9,9,0,18,alberist,solve
1,1.00,7,6,6,0,14,alberist,main
1,1.00,36,17,17,0,19,alberist,solve
1,1.00,7,6,6,0,14,alberist,main
1,1.00,18,11,11,0,17,alberist,solve
1,0.60,23,14,14,0,23,alberist,main
1,1.00,72,28,28,0,25,alberist,solve
1,0.50,9,7,7,0,16,alberist,main
1,0.86,15,12,12,0,18,alberist,solve
1,1.00,0,0,1,0,8,alberist,lesss
1,0.50,0,0,9,0,19,alberist,main
1,1.00,0,0,15,0,22,alberist,solve
1,0.80,0,0,11,0,13,alberist,add
0,0.80,0,0,8,0,13,alberist,add2
0,1.00,0,0,2,0,6,alberist,addx
0,1.00,0,0,3,0,7,alberist,find_set
0,1.00,0,0,3,0,7,alberist,find_set2
1,0.50,0,0,9,0,19,alberist,main
0,1.00,0,0,6,0,8,alberist,make_set
1,1.00,0,0,2,0,11,alberist,pack
1,0.88,0,0,102,0,46,alberist,solve
0,1.00,0,0,9,0,12,alberist,union_sets
0,1.00,0,0,9,0,14,alberist,union_sets2
1,1.00,0,0,1,0,7,alberist,unpack
1,0.60,26,16,16,0,26,alberist,main
1,1.00,48,23,23,0,25,alberist,solve
1,0.56,0,0,57,0,38,albert96,main
1,1.00,0,0,11,0,16,albert96,A
1,0,0,0,1,0,7,albert96,F
1,1.00,0,0,64,0,47,albert96,main
1,0.80,0,0,128,0,39,albert96,solve
1,1.00,0,0,26,0,37,albert96,main
1,1.00,0,0,48,0,35,albert96,main
1,1.00,0,0,74,0,44,albert96,main
0,1.00,0,0,27,0,22,albert96,dfs
0,0.86,0,0,49,0,29,albert96,hdfs
1,1.00,0,0,61,0,48,albert96,main
1,1.00,0,0,75,0,44,albert96,main
1,1.00,0,0,34,0,38,albert96,main
1,1.00,0,0,33,0,33,albert96,main
1,1.00,424,225,242,0,20,alberta.green,main
1,0.80,10,10,25,0,25,alberta.green,main
1,1.00,42,31,56,0,29,alberta.green,main
0,1.00,2,2,16,0,16,alberta.green,bit2int
1,1.00,40,30,48,0,35,alberta.green,main
0,1.00,0,0,10,0,7,alberta.green,numbit
1,1.00,15,15,30,0,24,alberta.green,main
0,0.80,28,28,51,0,25,alberta.green,mktree
1,1.00,14,8,16,0,18,alberta.green,main
1,1.00,126,50,61,0,39,alberta.green,main
1,1.00,66,33,36,0,18,alberta.green,main
1,1.00,44,27,35,0,20,alberta.green,main
1,1.00,0,0,34,0,34,alei.alhepSoft,main
0,1.00,0,0,19,0,19,alei.alhepSoft,dfs
1,1.00,0,0,22,0,30,alei.alhepSoft,main
1,1.00,0,0,27,0,27,alei.alhepSoft,solve
1,1.00,0,0,1,0,8,alei.alhepSoft,valid
1,1.00,0,0,18,0,32,alei.alhepSoft,main
1,0.89,0,0,32,0,41,alei.alhepSoft,main
1,1.00,0,0,38,0,42,alei.alhepSoft,main
1,1.00,0,0,21,0,28,alei.alhepSoft,main
1,1.00,0,0,22,0,37,alei.alhepSoft,main
0,1.00,0,0,22,0,27,alei.alhepSoft,mincuts
1,0.80,0,0,50,0,44,alei.alhepSoft,main
1,1.00,0,0,28,0,32,alei.alhepSoft,main
0,1.00,34,15,15,0,18,Aleksander,getAnsDeceitfulWar
0,1.00,15,9,9,0,13,Aleksander,getAnsWar
1,0.50,42,22,22,0,26,Aleksander,main
1,0.50,23,17,17,0,23,Aleksander,solve
0,0.00,1,1,1,0,7,Aleksander,doubleEqual
0,0.00,1,1,1,0,6,Aleksander,doubleLess
1,0.00,23,15,15,0,29,Aleksander,main
1,0.60,18,12,12,0,22,Aleksander,solve
0,0,1,1,1,0,5,Aleksander,BAD
0,0,1,1,1,0,5,Aleksander,CHEAT
1,1.00,45,22,22,0,26,Aleksander,main
1,0.75,39,25,25,0,19,Aleksander,solve
0,1.00,14,8,8,0,17,Aleksander,buildChain
0,1.00,1,1,1,0,10,Aleksander,checkInsideChar
1,1.00,5,4,4,0,9,Aleksander,fact
1,0.33,35,20,20,0,26,Aleksander,main
1,0.30,226,110,110,0,51,Aleksander,solve
0,1.00,4,3,3,0,6,Aleksander,gcd
0,1.00,11,7,7,0,11,Aleksander,isPowerTwo
1,0.00,33,20,20,0,32,Aleksander,main
0,0,1,1,1,0,5,Aleksander,readChar
0,1.00,11,7,7,0,11,Aleksander,readNumber
1,1.00,18,14,14,0,18,Aleksander,solve
0,1.00,2,2,2,0,10,Aleksander,addEdge
0,1.00,3,2,2,0,8,Aleksander,clearGraph
0,0.88,90,33,33,0,28,Aleksander,getFlow
0,1.00,1,1,1,0,8,Aleksander,getVInd
0,1.00,1,1,1,0,9,Aleksander,inField
1,0.80,56,26,26,0,34,Aleksander,main
1,0.88,115,50,50,0,35,Aleksander,solve
0,0.67,50,21,21,0,22,Aleksander,checkGroup
0,0.50,17,13,13,0,13,Aleksander,checkRes
0,0.40,36,18,18,0,20,Aleksander,getAns
1,0.33,35,20,20,0,27,Aleksander,main
1,1.00,7,6,6,0,14,Aleksander,solve
0,0.00,1,1,1,0,6,Aleksander,cmp
1,0.33,32,19,19,0,24,Aleksander,main
1,1.00,70,41,41,0,23,Aleksander,solve
1,0.33,32,19,19,0,24,Aleksander,main
1,0.75,45,27,27,0,23,Aleksander,solve
1,0.60,41,25,26,0,23,alex.jh,main
0,0.86,116,35,35,0,17,alex.jh,solve1
0,0.86,153,43,43,0,18,alex.jh,solve2
1,1.00,298,81,82,0,31,alex.jh,main
1,1.00,29,19,20,0,27,alex.jh,main
1,1.00,13,11,11,0,15,alex.jh,rec
1,1.00,79,37,38,0,38,alex.jh,main
1,1.00,0,0,16,0,27,alex.jh,main
1,1.00,0,0,46,0,48,alex.jh,main
1,1.00,0,0,49,0,39,alex.jh,main
1,0.80,0,0,23,0,32,alex.jh,DFS
0,1.00,0,0,22,0,31,alex.jh,add_edge
1,0.25,0,0,5,0,12,alex.jh,init
1,0.71,0,0,38,0,41,alex.jh,main
1,1.00,0,0,13,0,25,alex.jh,main
1,1.00,0,0,17,0,17,alex.jh,rec
1,1.00,0,0,10,0,18,alex.jh,solve
1,1.00,91,40,40,0,35,alex9801,main
1,1.00,48,24,24,0,27,alex9801,main
1,1.00,110,43,43,0,33,alex9801,main
1,1.00,16,14,14,0,21,alex9801,main
1,1.00,13,7,7,0,15,alex9801,process
1,1.00,1,1,1,0,5,alex9801,ab
1,1.00,16,14,14,0,21,alex9801,main
1,1.00,100,37,37,0,23,alex9801,process
1,1.00,16,14,14,0,21,alex9801,main
1,1.00,94,37,37,0,30,alex9801,process
1,0,1,1,1,0,5,alex9801,f
1,1.00,16,14,14,0,21,alex9801,main
1,1.00,36,25,25,0,21,alex9801,process
1,0,70,32,32,0,23,alex9801,f
1,1.00,17,15,15,0,22,alex9801,main
1,1.00,10,8,8,0,21,alex9801,ms
0,0,0,0,0,0,3,alex9801,pre_process
1,1.00,9,8,8,0,15,alex9801,process
1,1.00,17,15,15,0,22,alex9801,main
0,0,0,0,0,0,3,alex9801,pre_process
1,1.00,51,27,27,0,21,alex9801,process
1,0.50,0,0,6,0,9,AlexAlvarez,main
1,1.00,0,0,6,0,14,AlexAlvarez,solve
0,1.00,0,0,14,0,18,AlexAlvarez,solve_deceitful
0,1.00,0,0,11,0,22,AlexAlvarez,solve_war
1,0.50,0,0,6,0,10,AlexAlvarez,main
1,0.90,0,0,35,0,43,AlexAlvarez,rec
1,1.00,0,0,30,0,29,AlexAlvarez,solve
1,0,0,0,6,0,12,AlexAlvarez,f
1,0.50,0,0,7,0,14,AlexAlvarez,main
1,0.75,0,0,11,0,22,AlexAlvarez,solve
1,0.50,0,0,6,0,9,AlexAlvarez,main
1,1.00,0,0,14,0,23,AlexAlvarez,solve
1,0.80,0,0,18,0,22,AlexAlvarez,dp
1,0.50,0,0,5,0,10,AlexAlvarez,main
1,0,0,0,4,0,11,AlexAlvarez,solve
1,1.00,0,0,27,0,34,AlexAlvarez,comp
1,0.50,0,0,5,0,10,AlexAlvarez,main
1,1.00,0,0,30,0,34,AlexAlvarez,solve
1,1.00,0,0,3,0,16,AlexAlvarez,check
1,0.50,0,0,6,0,9,AlexAlvarez,main
1,0.75,0,0,45,0,41,AlexAlvarez,solve
1,0.50,0,0,22,0,39,AlexAlvarez,dist
1,0.50,0,0,3,0,10,AlexAlvarez,main
1,1.00,0,0,26,0,25,AlexAlvarez,solve
1,1.00,0,0,7,0,16,AlexAlvarez,check
1,1.00,0,0,21,0,29,AlexAlvarez,cost
1,1.00,0,0,7,0,15,AlexAlvarez,dp
1,0.50,0,0,3,0,10,AlexAlvarez,main
1,1.00,0,0,9,0,18,AlexAlvarez,solve
1,1.00,41,25,25,0,29,Alexander86,calc
0,1.00,2,2,2,0,6,Alexander86,gcd
1,0.67,11,8,8,0,16,Alexander86,main
1,0.80,16,13,13,0,22,Alexander86,main
1,1.00,31,18,18,0,19,Alexander86,calc
1,0.50,9,7,7,0,13,Alexander86,main
1,1.00,17,10,10,0,13,Alexander86,calc
1,0.67,11,8,8,0,16,Alexander86,main
0,1.00,9,9,9,0,21,Alexander86,gcd
1,0.67,23,14,14,0,17,Alexander86,main
1,0.75,132,44,44,0,35,Alexander86,main
1,0.91,79,28,28,0,27,Alexander86,main
1,0.91,233,66,66,0,38,Alexander86,main
1,0.33,5,5,5,0,16,Alexander86,earliest
1,0.90,182,54,54,0,49,Alexander86,main
1,0.75,28,18,18,0,26,AlexeyChernevich,main
0,1.00,10,8,8,0,7,AlexeyChernevich,get_len
0,1.00,1,1,1,0,6,AlexeyChernevich,get_next
1,1.00,48,24,24,0,28,AlexeyChernevich,main
1,0.89,419,88,88,0,46,AlexeyChernevich,main
1,1.00,6,4,4,0,7,AlexeyChernevich,maximum
1,1.00,6,4,4,0,7,AlexeyChernevich,minimum
0,1.00,84,24,24,0,27,AlexeyChernevich,dfs
1,1.00,11,7,7,0,16,AlexeyChernevich,init
1,0.75,104,40,40,0,43,AlexeyChernevich,main
0,1.00,2,2,2,0,12,AlexeyChernevich,get_ans
1,0.50,97,41,44,0,48,AlexeyChernevich,main
1,0.92,125,47,50,0,45,AlexeyChernevich,main
1,0,1,1,1,0,7,AlexeyChernevich,F
1,0.85,143,44,44,0,46,AlexeyChernevich,main
1,0,1,1,1,0,7,AlexeyChernevich,F
1,0.93,191,64,64,0,47,AlexeyChernevich,main
1,0.90,88,37,37,0,41,AlexeyChernevich,main
1,0.67,45,27,27,0,26,AlexUdalov,main
1,0.78,54,22,22,0,21,AlexUdalov,main
1,0.69,0,0,40,0,30,AlexUdalov,main
1,0.71,0,0,16,0,17,AlexUdalov,main
1,0.67,43,19,19,0,21,AlexUdalov,main
1,1.00,81,35,35,0,26,AlexUdalov,go
1,0.33,17,10,10,0,21,AlexUdalov,main
1,0.75,118,40,40,0,35,AlexUdalov,main
1,0.67,31,17,17,0,23,AlexUdalov,main
1,1.00,0,0,0,0,7,AlexUdalov,I
1,1.00,25,13,13,0,13,AlexUdalov,add
1,1.00,20,11,11,0,17,AlexUdalov,cv
1,1.00,2,2,2,0,8,AlexUdalov,edge
1,1.00,7,7,7,0,18,AlexUdalov,go
1,0.33,15,10,10,0,13,AlexUdalov,main
1,0.75,0,0,27,0,33,AlexX,main
1,1.00,0,0,23,0,35,AlexX,main
1,1.00,0,0,28,0,35,AlexX,main
0,1.00,0,0,17,0,21,AlexX,dfs
1,1.00,0,0,49,0,47,AlexX,main
1,1.00,0,0,0,0,7,AlexX,sgn
1,0,0,0,0,0,8,AlexX,sqr
1,0,0,0,0,0,13,AlexX,todouble
1,0,0,0,0,0,12,AlexX,toint
0,0,0,0,0,0,8,AlexX,tolower
1,0,0,0,0,0,58,AlexX,tostr
0,0,0,0,0,0,8,AlexX,toupper
1,1.00,0,0,7,0,13,AlexX,cnt
0,0.80,0,0,26,0,24,AlexX,dfs
1,1.00,0,0,8,0,9,AlexX,ins
1,0.88,0,0,30,0,46,AlexX,main
1,1.00,0,0,0,0,7,AlexX,sgn
1,0,0,0,0,0,8,AlexX,sqr
1,0,0,0,0,0,13,AlexX,todouble
1,0,0,0,0,0,12,AlexX,toint
0,0,0,0,0,0,8,AlexX,tolower
1,0,0,0,0,0,59,AlexX,tostr
0,0,0,0,0,0,8,AlexX,toupper
1,1.00,0,0,14,0,31,AlexX,main
1,1.00,0,0,0,0,7,AlexX,sgn
1,0,0,0,0,0,8,AlexX,sqr
1,0,0,0,0,0,13,AlexX,todouble
1,0,0,0,0,0,12,AlexX,toint
0,0,0,0,0,0,8,AlexX,tolower
1,0,0,0,0,0,57,AlexX,tostr
0,0,0,0,0,0,8,AlexX,toupper
1,1.00,0,0,38,0,46,AlexX,main
1,1.00,0,0,0,0,7,AlexX,sgn
1,0,0,0,0,0,8,AlexX,sqr
1,0,0,0,0,0,13,AlexX,todouble
1,0,0,0,0,0,12,AlexX,toint
0,0,0,0,0,0,8,AlexX,tolower
1,0,0,0,0,0,54,AlexX,tostr
0,0,0,0,0,0,8,AlexX,toupper
0,1.00,0,0,15,0,21,AlexX,dfs
1,1.00,0,0,24,0,40,AlexX,main
1,1.00,0,0,0,0,7,AlexX,sgn
1,0,0,0,0,0,8,AlexX,sqr
1,0,0,0,0,0,13,AlexX,todouble
1,0,0,0,0,0,12,AlexX,toint
0,0,0,0,0,0,8,AlexX,tolower
1,0,0,0,0,0,56,AlexX,tostr
0,0,0,0,0,0,8,AlexX,toupper
0,0.80,0,0,21,0,23,AlexX,dfs
1,0,0,0,10,0,25,AlexX,init
1,1.00,0,0,16,0,37,AlexX,main
1,1.00,0,0,0,0,7,AlexX,sgn
1,0,0,0,0,0,8,AlexX,sqr
1,0,0,0,0,0,13,AlexX,todouble
1,0,0,0,0,0,12,AlexX,toint
0,0,0,0,0,0,8,AlexX,tolower
1,0,0,0,1,0,56,AlexX,tostr
0,0,0,0,0,0,8,AlexX,toupper
0,1.00,1,1,1,0,5,Aliaksei,gcd
1,1.00,194,58,58,0,42,Aliaksei,main
1,1.00,49,42,42,0,48,Aliaksei,main
1,1.00,108,35,35,0,41,Aliaksei,main
1,1.00,7,5,5,0,6,Aliaksei,razm
1,1.00,71,29,29,0,31,Aliaksei,main
1,1.00,3,3,3,0,12,Aliaksei,comp
1,1.00,105,43,43,0,43,Aliaksei,main
1,0.91,59,27,27,0,30,Aliaksei,main
1,0.89,510,134,134,0,48,Aliaksei,main
0,1.00,18,10,10,0,15,Aliaksei,bfs
1,1.00,88,36,36,0,37,Aliaksei,main
1,1.00,77,35,35,0,30,Aliaksei,main
1,1.00,19,13,39,0,30,alikhtarov,main
1,0.94,33,25,58,0,40,alikhtarov,main
1,0.93,2,2,26,0,33,alikhtarov,main
1,1.00,3,3,21,0,29,alikhtarov,main
1,0.85,18,18,65,0,42,alikhtarov,main
0,0.00,0,0,15,0,29,alikhtarov,dfs
1,1.00,0,0,19,0,26,alikhtarov,main
1,0.00,0,0,11,0,18,alikhtarov,sz
1,1.00,0,0,7,0,10,alikhtarov,bits
1,0.80,0,0,27,0,28,alikhtarov,dp
1,1.00,0,0,11,0,21,alikhtarov,main
0,0.86,0,0,20,0,29,alikhtarov,dfs
0,0.50,23,22,38,0,33,alikhtarov,findbest
1,1.00,2,2,24,0,33,alikhtarov,main
1,0.50,0,0,12,0,15,alikhtarov,reachable
1,1.00,0,0,8,0,13,alikhtarov,canon
1,1.00,0,0,8,0,14,alikhtarov,count
1,1.00,6,6,28,0,35,alikhtarov,main
1,0.45,0,0,9,0,14,alikhtarov,solve
1,1.00,7,6,6,0,13,allenlyh,check
1,1.00,10,8,8,0,11,allenlyh,main
1,1.00,32,20,20,0,23,allenlyh,work
1,1.00,10,8,8,0,12,allenlyh,main
1,0.00,20,9,9,0,17,allenlyh,print
1,0.75,204,86,86,0,21,allenlyh,work
1,1.00,10,8,8,0,11,allenlyh,main
1,0,13,10,10,0,16,allenlyh,work
1,1.00,10,8,8,0,11,allenlyh,main
1,1.00,45,29,29,0,22,allenlyh,work
1,1.00,10,8,8,0,11,allenlyh,main
1,0.80,30,18,18,0,22,allenlyh,solve
1,1.00,42,27,27,0,27,allenlyh,work
1,1.00,11,9,9,0,12,allenlyh,main
1,0.75,17,9,9,0,14,allenlyh,pre
1,0.33,15,8,8,0,19,allenlyh,work
0,0.50,37,14,14,0,14,allenlyh,dfs
1,1.00,10,8,8,0,11,allenlyh,main
1,1.00,20,14,14,0,18,allenlyh,work
1,1.00,2,2,2,0,9,allenlyh,chk
1,1.00,10,8,8,0,11,allenlyh,main
1,0,8,5,5,0,23,allenlyh,read
0,1.00,82,33,33,0,35,allenlyh,spfa
1,1.00,70,42,42,0,33,allenlyh,work
1,1.00,54,22,22,0,23,allenlyh,check
0,1.00,12,8,8,0,12,allenlyh,dfs
1,1.00,10,8,8,0,11,allenlyh,main
1,1.00,8,7,7,0,15,allenlyh,work
1,1.00,201,66,66,0,38,allocator64,main
1,0,9,7,7,0,13,allocator64,check
1,0.71,46,21,21,0,27,allocator64,main
1,1.00,8,6,6,0,8,allocator64,bits
1,0.73,83,35,35,0,39,allocator64,main
0,0.50,8,6,6,0,11,allocator64,to_mask
0,1.00,13,10,10,0,13,allocator64,to_string
0,0.50,31,22,22,0,34,allocator64,dfs
0,0.50,12,6,6,0,12,allocator64,dfs_count
1,0.83,85,34,34,0,31,allocator64,main
0,1.00,8,6,6,0,7,allocator64,bitcnt
0,1.00,5,4,4,0,10,allocator64,bitout
1,1.00,14,10,10,0,15,allocator64,check
0,1.00,1,1,1,0,6,allocator64,cnv
1,1.00,42,22,22,0,33,allocator64,exist
1,0.83,76,26,26,0,31,allocator64,main
1,0.70,62,26,26,0,34,allocator64,main
0,1.00,8,6,6,0,7,allocator64,bitcnt
0,1.00,7,5,5,0,8,allocator64,gcd
1,1.00,86,34,34,0,30,allocator64,main
0,1.00,8,6,6,0,7,allocator64,bitcnt
0,1.00,7,5,5,0,9,allocator64,gcd
1,0.79,102,39,39,0,40,allocator64,main
0,1.00,8,6,6,0,7,allocator64,bitcnt
0,1.00,7,5,5,0,9,allocator64,gcd
1,1.00,129,43,43,0,45,allocator64,main
1,0.91,0,0,52,0,30,ALONG,main
1,1.00,0,0,110,0,29,ALONG,main
1,0.78,0,0,29,0,23,ALONG,main
1,0.60,0,0,42,0,23,ALONG,main
1,1.00,0,0,19,0,18,ALONG,main
1,0.71,0,0,75,0,33,ALONG,main
1,1.00,0,0,88,0,17,ALONG,main
0,1.00,0,0,17,0,17,ALONG,isTrain
0,1.00,0,0,13,0,15,ALONG,isValid
1,1.00,0,0,26,0,31,ALONG,main
1,1.00,0,0,22,0,21,ALONG,main
1,1.00,0,0,14,0,29,alpc104,main
1,1.00,0,0,2,0,9,alpc104,C
1,0.88,0,0,14,0,28,alpc104,calc
0,0.71,0,0,10,0,14,alpc104,lnC
1,0,0,0,10,0,28,alpc104,main
1,1.00,0,0,39,0,32,alpc104,main
1,1.00,0,0,20,0,40,alpc104,main
1,1.00,0,0,20,0,29,alpc104,main
1,1.00,0,0,29,0,34,alpc104,main
1,1.00,0,0,11,0,19,alpc104,doit
1,1.00,0,0,28,0,34,alpc104,main
0,1.00,0,0,14,0,20,alpc104,bfs
1,1.00,0,0,10,0,16,alpc104,init
1,1.00,0,0,14,0,27,alpc104,main
0,1.00,0,0,1,0,8,alpc104,cmp
1,1.00,0,0,20,0,29,alpc104,main
1,0.69,72,22,51,0,35,alphaking,main
1,1.00,10,7,7,0,14,alphaking,calc
1,1.00,519,140,153,0,58,alphaking,main
1,1.00,67,33,33,0,36,alphaking,main
1,1.00,14,8,43,0,38,alphaking,main
1,0.89,0,0,102,0,57,alphaking,main
1,1.00,0,0,57,0,39,alphaking,main
1,1.00,16,13,26,0,30,alphaking,main
1,1.00,92,68,81,0,46,alphaking,main
0,1.00,8,8,15,0,10,alphaking,dfs
1,1.00,25,25,37,0,34,alphaking,main
1,1.00,68,31,32,0,32,amashrabov,main
1,0,0,0,0,0,7,amashrabov,sqr
1,0,0,0,0,0,9,amashrabov,str
1,1.00,0,0,0,0,8,amashrabov,toint
1,1.00,0,0,2,0,42,amashrabov,toll
1,0,14,10,10,0,19,amashrabov,f
1,1.00,29,14,16,0,26,amashrabov,main
1,0,0,0,0,0,7,amashrabov,sqr
1,0,0,0,0,0,9,amashrabov,str
1,1.00,0,0,0,0,8,amashrabov,toint
1,1.00,0,0,2,0,41,amashrabov,toll
1,1.00,77,30,30,0,21,amashrabov,gen
1,1.00,25,14,16,0,26,amashrabov,main
1,0,0,0,0,0,7,amashrabov,sqr
1,0,0,0,0,0,9,amashrabov,str
1,1.00,0,0,0,0,8,amashrabov,toint
1,1.00,0,0,2,0,45,amashrabov,toll
1,1.00,239,75,77,0,41,amashrabov,main
1,0,0,0,0,0,7,amashrabov,sqr
1,0,0,0,0,0,9,amashrabov,str
1,1.00,0,0,0,0,8,amashrabov,toint
1,1.00,0,0,0,0,32,amashrabov,toll
1,1.00,47,21,21,0,20,amashrabov,del
1,1.00,29,17,19,0,27,amashrabov,main
1,0,0,0,0,0,7,amashrabov,sqr
1,0,0,0,0,0,9,amashrabov,str
1,1.00,0,0,0,0,8,amashrabov,toint
1,1.00,0,0,0,0,31,amashrabov,toll
0,0,0,0,3,0,10,amashrabov,convtos
0,0,0,0,5,0,8,amashrabov,convtot
1,0,0,0,16,0,19,amashrabov,f
1,0,0,0,6,0,22,amashrabov,main
0,1.00,0,0,10,0,20,amashrabov,pfunc
1,1.00,0,0,13,0,17,amashrabov,prime
0,0,0,0,1,0,10,amashrabov,printtime
1,0,0,0,0,0,2,amashrabov,solve
0,0,0,0,10,0,9,amashrabov,xgcd
0,1.00,0,0,9,0,18,amashrabov,zfunc
0,0,0,0,3,0,10,amashrabov,convtos
0,0,0,0,5,0,8,amashrabov,convtot
1,0,0,0,6,0,34,amashrabov,main
0,1.00,0,0,10,0,20,amashrabov,pfunc
1,1.00,0,0,13,0,17,amashrabov,prime
0,0,0,0,1,0,10,amashrabov,printtime
1,0,0,0,0,0,2,amashrabov,solve
0,0,0,0,10,0,9,amashrabov,xgcd
0,1.00,0,0,9,0,18,amashrabov,zfunc
1,1.00,164,56,58,0,50,amashrabov,main
1,0,0,0,1,0,36,amashrabov,sqr
1,0,1,1,1,0,5,amashrabov,imp
1,1.00,228,73,75,0,38,amashrabov,main
1,0,0,0,1,0,31,amashrabov,sqr
0,1.00,0,0,3,0,10,Amir.bh,addEdge
1,1.00,0,0,0,0,6,Amir.bh,ascending
0,0.50,0,0,18,0,18,Amir.bh,bfs
1,1.00,0,0,0,0,40,Amir.bh,descending
0,0.50,0,0,24,0,29,Amir.bh,dfs
1,0.00,0,0,4,0,7,Amir.bh,init
1,0.90,42,22,22,0,37,Amir.bh,main
1,1.00,0,0,0,0,6,Amir.bh,ascending
1,1.00,0,0,0,0,29,Amir.bh,descending
1,0.92,45,23,23,0,29,Amir.bh,main
1,1.00,0,0,0,0,6,Amir.bh,ascending
1,1.00,0,0,0,0,28,Amir.bh,descending
1,0.90,54,26,26,0,30,Amir.bh,main
1,1.00,0,0,0,0,6,Amir.bh,ascending
1,1.00,3,3,3,0,13,Amir.bh,calculate
1,1.00,0,0,3,0,8,Amir.bh,count
1,1.00,0,0,0,0,32,Amir.bh,descending
0,1.00,11,11,11,0,14,Amir.bh,dfs
1,0.90,32,16,16,0,28,Amir.bh,main
1,1.00,0,0,0,0,6,Amir.bh,ascending
1,1.00,0,0,0,0,29,Amir.bh,descending
1,0.91,63,26,26,0,35,Amir.bh,main
1,1.00,0,0,0,0,6,Amir.bh,ascending
1,1.00,0,0,0,0,27,Amir.bh,descending
0,1.00,1,1,1,0,5,Amir.bh,gcd
1,0.90,40,21,21,0,30,Amir.bh,main
1,1.00,0,0,0,0,6,Amir.bh,ascending
0,1.00,81,36,36,0,25,Amir.bh,bfs
1,1.00,48,16,16,0,17,Amir.bh,cut
1,1.00,0,0,0,0,33,Amir.bh,descending
1,0.62,25,14,14,0,24,Amir.bh,main
1,1.00,0,0,0,0,6,Amir.bh,ascending
1,1.00,0,0,0,0,31,Amir.bh,descending
1,0.93,110,39,39,0,41,Amir.bh,main
1,1.00,0,0,0,0,6,Amir.bh,ascending
1,1.00,11,9,9,0,14,Amir.bh,check
1,1.00,0,0,0,0,34,Amir.bh,descending
1,0.89,53,21,21,0,33,Amir.bh,main
1,1.00,1,1,1,0,4,Amir.bh,sgn
1,0.89,73,30,30,0,24,amirmahdi,main
1,1.00,10,10,10,0,12,amirmahdi,bit
0,1.00,14,9,9,0,19,amirmahdi,dfs
1,1.00,49,17,17,0,23,amirmahdi,isok
0,1.00,20,10,10,0,20,amirmahdi,iszero
1,1.00,79,28,28,0,27,amirmahdi,main
1,1.00,17,8,8,0,14,amirmahdi,solve
1,1.00,46,21,21,0,26,amirmahdi,main
1,0.75,66,28,28,0,27,amirmahdi,main
1,1.00,1,1,1,0,5,amirmahdi,bit
0,1.00,16,10,10,0,18,amirmahdi,dfs
1,1.00,98,32,32,0,29,amirmahdi,main
1,1.00,47,21,21,0,25,amirmahdi,main
1,1.00,11,7,7,0,15,amirmahdi,valid
1,1.00,6,3,3,0,9,amirmahdi,validate
1,1.00,49,22,22,0,24,amirmahdi,main
1,0,30,15,15,0,20,amirmahdi,bt
0,1.00,7,5,5,0,15,amirmahdi,buildTrie
1,1.00,18,11,11,0,17,amirmahdi,main
1,1.00,1,1,1,0,6,amirmahdi,bit
1,0.82,143,49,49,0,36,amirmahdi,main
0,0.75,56,25,25,0,19,amirmahdi,mergesort
1,0.67,17,10,10,0,15,amoebius,main
0,1.00,3,3,3,0,12,amoebius,ismine
1,0.75,44,18,18,0,19,amoebius,main
1,1.00,51,30,30,0,26,amoebius,mark
1,0.88,15,11,11,0,13,amoebius,test
1,0.50,59,21,21,0,22,amoebius,main
1,0.80,19,11,11,0,22,amoebius,main
1,0.75,36,17,17,0,26,amoebius,main
0,0.56,49,21,21,0,30,amoebius,rootAt
0,0.75,7,5,5,0,15,amoebius,subtreeSize
0,0.67,14,10,10,0,19,amoebius,canReachFrom
0,0.67,3,3,3,0,12,amoebius,dfs
1,0,30,22,22,0,33,amoebius,f
1,0.91,148,59,59,0,52,amoebius,main
0,0.67,3,3,3,0,13,amoebius,reachDFS
1,0.93,166,52,52,0,35,amoebius,main
1,1.00,3,3,3,0,11,amoebius,count
1,0.67,32,18,18,0,20,amoebius,go
1,0.67,18,11,11,0,15,amoebius,main
1,1.00,1,1,1,0,9,amoebius,legit
1,0.53,111,37,37,0,46,amoebius,main
1,1.00,110,43,43,0,39,amthabet,main
1,1.00,44,24,24,0,41,amthabet,main
1,0.75,65,33,33,0,41,amthabet,main
1,1.00,20,8,8,0,12,amthabet,flip
1,1.00,117,47,47,0,52,amthabet,main
1,1.00,50,27,27,0,43,amthabet,main
1,0,55,23,23,0,19,amthabet,f
1,1.00,56,28,28,0,38,amthabet,main
1,1.00,15,9,9,0,13,amthabet,calc
1,1.00,112,46,46,0,49,amthabet,main
1,1.00,8,5,5,0,15,amthabet,blocked
1,0.92,123,44,44,0,56,amthabet,main
1,0.83,77,34,34,0,44,amthabet,main
1,1.00,0,0,18,0,31,Amtrix,main
1,0.91,0,0,32,0,39,Amtrix,main
0,1.00,0,0,6,0,6,Amtrix,numlen
1,1.00,0,0,28,0,32,Amtrix,main
0,1.00,0,0,1,0,8,Amtrix,cmp
1,1.00,0,0,18,0,34,Amtrix,main
1,1.00,0,0,25,0,32,Amtrix,main
1,1.00,0,0,15,0,22,Amtrix,survive
1,0.86,0,0,30,0,35,Amtrix,main
1,1.00,0,0,27,0,21,Amtrix,solve
0,0.12,0,0,6,0,19,Amtrix,canMove
1,1.00,0,0,28,0,42,Amtrix,main
1,0.86,0,0,35,0,53,Amtrix,reachable
1,1.00,0,0,25,0,33,Amtrix,main
1,0.82,0,0,51,0,52,Amtrix,main
1,1.00,0,0,1,0,13,Amtrix,szc
1,1.00,0,0,0,0,21,amylase,bit
1,0.67,0,0,1,0,7,amylase,isok
1,1.00,0,0,4,0,9,amylase,main
1,0.81,0,0,48,0,44,amylase,solve
1,1.00,0,0,0,0,24,amylase,bit
1,1.00,0,0,7,0,39,amylase,main
1,0.67,0,0,6,0,14,amylase,solve
1,1.00,0,0,0,0,21,amylase,bit
1,1.00,0,0,3,0,9,amylase,itos
1,1.00,0,0,4,0,9,amylase,main
1,0.91,0,0,18,0,29,amylase,solve
1,1.00,0,0,0,0,21,amylase,bit
1,1.00,0,0,4,0,9,amylase,main
1,0.83,0,0,35,0,23,amylase,solve
1,1.00,0,0,0,0,21,amylase,bit
1,1.00,0,0,4,0,9,amylase,main
1,0.79,0,0,50,0,48,amylase,solve
1,1.00,0,0,0,0,21,amylase,bit
1,1.00,0,0,5,0,11,amylase,main
1,0.91,0,0,21,0,23,amylase,solve
1,1.00,0,0,0,0,21,amylase,bit
1,1.00,0,0,4,0,9,amylase,main
1,0.86,0,0,33,0,35,amylase,solve
1,1.00,0,0,0,0,21,amylase,bit
1,1.00,0,0,4,0,9,amylase,main
1,0.50,0,0,2,0,9,amylase,solve
1,1.00,0,0,0,0,26,amylase,bit
1,1.00,0,0,4,0,9,amylase,main
1,0.90,0,0,61,0,58,amylase,solve
1,1.00,28,19,19,0,19,Ananya,main
1,0.80,66,29,29,0,27,Ananya,main
1,1.00,33,17,17,0,23,Ananya,main
1,0.88,209,63,63,0,43,Ananya,main
1,1.00,50,26,26,0,23,Ananya,main
1,0.89,123,48,48,0,24,Ananya,main
1,1.00,34,19,19,0,20,Ananya,main
1,0.17,37,22,22,0,18,Ananya,recur
0,1.00,11,10,10,0,14,Ananya,dfs
1,1.00,61,28,28,0,27,Ananya,main
1,0.88,80,38,38,0,23,Ananya,main
1,0.92,8,8,57,0,36,Anardael,main
1,1.00,124,108,166,0,32,Anardael,main
0,1.00,0,0,17,0,20,Anardael,printAnswer
0,0.80,14,14,38,0,16,Anardael,solve33
1,1.00,4,4,27,0,27,Anardael,main
1,0.67,0,0,21,0,29,Anardael,main
0,1.00,3,3,13,0,14,Anardael,readQuestion
0,0.75,0,0,24,0,25,Anardael,changeSol
1,1.00,0,0,5,0,12,Anardael,check
1,1.00,0,0,21,0,28,Anardael,main
1,0.86,0,0,21,0,25,Anardael,main
0,1.00,0,0,6,0,16,Anardael,deletecount
1,1.00,0,0,23,0,28,Anardael,main
0,0.92,0,0,29,0,29,Anardael,makeSubTree
1,1.00,2,2,29,0,24,Anardael,main
1,0.80,18,18,46,0,18,Anardael,solve
0,0.80,24,24,61,0,18,Anardael,solve1
1,0.92,3,3,33,0,30,Anardael,main
1,1.00,37,24,24,0,12,Anarivu,func
1,1.00,266,80,80,0,37,Anarivu,main
1,1.00,42,22,22,0,30,Anarivu,main
1,1.00,103,39,39,0,29,Anarivu,main
0,0,0,0,0,0,4,Anarivu,Check
0,1.00,10,7,7,0,11,Anarivu,GetGrid
1,0,0,0,0,0,6,Anarivu,fill
1,1.00,53,26,26,0,30,Anarivu,main
1,0.91,243,76,76,0,38,Anarivu,main
0,1.00,8,6,6,0,8,Anarivu,gcd
1,1.00,76,37,37,0,34,Anarivu,main
0,1.00,10,10,10,0,13,Anarivu,AddEdge
0,1.00,12,8,8,0,11,Anarivu,Dinnic
0,1.00,42,21,21,0,25,Anarivu,bfs
0,1.00,36,16,16,0,16,Anarivu,dfs
1,0.81,175,60,60,0,45,Anarivu,main
1,1.00,31,15,15,0,18,Anarivu,Count
1,1.00,46,23,23,0,20,Anarivu,func
1,1.00,23,15,15,0,25,Anarivu,main
1,1.00,28,13,13,0,14,Anarivu,bub
1,0.88,151,56,56,0,36,Anarivu,main
1,1.00,0,0,8,0,12,anders,deceit
1,1.00,0,0,7,0,10,anders,main
1,1.00,3,3,14,0,15,anders,normal
1,1.00,0,0,12,0,12,anders,solve
1,1.00,0,0,7,0,10,anders,main
1,0.67,0,0,11,0,20,anders,solve
1,1.00,0,0,7,0,10,anders,main
1,0.80,0,0,8,0,13,anders,read
1,1.00,0,0,12,0,20,anders,solve
1,1.00,0,0,7,0,10,anders,main
1,1.00,0,0,9,0,14,anders,solve
0,0.80,4,4,20,0,21,anders,dfs
1,1.00,0,0,7,0,10,anders,main
1,1.00,0,0,4,0,14,anders,possible
1,1.00,0,0,19,0,27,anders,solve
1,1.00,0,0,12,0,16,anders,main
1,1.00,0,0,9,0,12,anders,moves
1,1.00,2,2,23,0,17,anders,solve
0,0.75,0,0,17,0,23,anders,findComb
1,1.00,0,0,7,0,10,anders,main
1,1.00,0,0,8,0,17,anders,solve
0,0.80,0,0,12,0,21,anders,trieSize
1,1.00,0,0,7,0,10,anders,main
1,0.88,13,13,44,0,35,anders,solve
1,1.00,0,0,7,0,10,anders,main
1,1.00,0,0,17,0,18,anders,solve
1,1.00,0,0,14,0,21,Andfive,main
1,1.00,1,1,56,0,37,Andfive,main
1,0.75,1,1,19,0,28,Andfive,main
0,1.00,0,0,5,0,13,Andfive,cmp
1,1.00,0,0,53,0,40,Andfive,main
1,0.75,10,10,31,0,32,Andfive,main
1,0.56,70,29,29,0,41,Andfive,main
1,0.33,0,0,15,0,32,Andfive,main
1,1.00,0,0,1,0,13,Andfive,max
0,0.60,0,0,14,0,22,Andfive,mpsdirec
1,1.00,0,0,11,0,17,Andfive,main
1,1.00,0,0,9,0,14,Andfive,sha
1,1.00,0,0,10,0,14,Andfive,shan
0,1.00,0,0,10,0,19,Andfive,tiesuo
1,0.88,0,0,40,0,34,Andfive,main
1,0.80,59,36,36,0,31,Andrew.Makar,main
1,1.00,21,16,16,0,20,Andrew.Makar,main
1,0,4,3,3,0,9,Andrew.Makar,read
1,1.00,39,23,23,0,26,Andrew.Makar,solve
0,1.00,21,9,9,0,12,Andrew.Makar,c0
0,1.00,21,9,9,0,12,Andrew.Makar,c1
0,1.00,21,9,9,0,12,Andrew.Makar,c2
0,1.00,21,9,9,0,12,Andrew.Makar,c3
1,1.00,68,31,31,0,28,Andrew.Makar,main
1,1.00,10,8,8,0,17,Andrew.Makar,main
1,1.00,11,8,8,0,16,Andrew.Makar,ok
1,1.00,28,16,16,0,19,Andrew.Makar,solve
1,1.00,10,8,8,0,17,Andrew.Makar,main
1,1.00,65,35,35,0,31,Andrew.Makar,solve
1,1.00,12,9,9,0,19,Andrew.Makar,main
1,0.85,183,75,75,0,48,Andrew.Makar,solve
1,1.00,12,9,9,0,19,Andrew.Makar,main
1,1.00,35,21,21,0,23,Andrew.Makar,solve
1,1.00,10,8,8,0,14,Andrew.Makar,add
1,1.00,35,16,16,0,19,Andrew.Makar,check
1,0,7,7,7,0,17,Andrew.Makar,get
1,1.00,12,9,9,0,19,Andrew.Makar,main
1,1.00,113,49,49,0,34,Andrew.Makar,solve
1,0.57,29,13,13,0,15,Andrew.Makar,check
1,1.00,12,9,9,0,19,Andrew.Makar,main
1,1.00,37,22,22,0,20,Andrew.Makar,solve
0,1.00,2,2,2,0,5,AndreySiunov,aabs
0,1.00,17,9,9,0,8,AndreySiunov,gcd
1,1.00,16,14,14,0,28,AndreySiunov,main
1,0.60,25,13,13,0,52,AndreySiunov,solve
0,1.00,2,2,2,0,5,AndreySiunov,aabs
0,1.00,17,9,9,0,8,AndreySiunov,gcd
1,1.00,14,12,12,0,25,AndreySiunov,main
1,0.70,221,44,44,0,22,AndreySiunov,solve
0,1.00,2,2,2,0,5,AndreySiunov,aabs
1,1.00,14,12,12,0,25,AndreySiunov,main
1,1.00,19,15,15,0,14,AndreySiunov,solve
0,1.00,2,2,2,0,17,AndreySiunov,aabs
1,1.00,14,12,12,0,25,AndreySiunov,main
1,0,80,29,29,0,19,AndreySiunov,next
1,0.80,339,98,98,0,45,AndreySiunov,solve
0,1.00,2,2,2,0,5,AndreySiunov,aabs
1,1.00,81,32,32,0,26,AndreySiunov,calc
0,1.00,17,9,9,0,8,AndreySiunov,gcd
1,1.00,14,12,12,0,25,AndreySiunov,main
0,1.00,2,2,2,0,5,AndreySiunov,aabs
1,1.00,100,37,37,0,19,AndreySiunov,calc
0,1.00,17,9,9,0,8,AndreySiunov,gcd
1,1.00,14,12,12,0,25,AndreySiunov,main
0,1.00,2,2,2,0,5,AndreySiunov,aabs
0,1.00,17,9,9,0,8,AndreySiunov,gcd
1,1.00,16,14,14,0,28,AndreySiunov,main
1,1.00,68,34,34,0,22,AndreySiunov,solve
0,1.00,2,2,2,0,5,AndreySiunov,aabs
0,1.00,17,9,9,0,8,AndreySiunov,gcd
1,1.00,16,14,14,0,28,AndreySiunov,main
1,0.91,125,52,52,0,27,AndreySiunov,solve
0,1.00,2,2,2,0,5,AndreySiunov,aabs
1,0,58,28,28,0,16,AndreySiunov,f
0,1.00,17,9,9,0,11,AndreySiunov,gcd
1,1.00,16,14,14,0,28,AndreySiunov,main
1,1.00,71,36,36,0,22,AndreySiunov,solve
1,0,6,6,6,0,59,andrii.nakryiko,Ceil
0,0,0,0,0,0,9,andrii.nakryiko,Floor
0,0,0,0,0,0,11,andrii.nakryiko,extgcd
0,0,0,0,0,0,10,andrii.nakryiko,gcd
1,0.62,71,43,43,0,55,andrii.nakryiko,main
1,0,0,0,0,0,12,andrii.nakryiko,power
1,0,0,0,0,0,21,andrii.nakryiko,Ceil
0,0,0,0,0,0,9,andrii.nakryiko,Floor
0,1.00,23,12,12,0,23,andrii.nakryiko,calcFor
0,0,0,0,0,0,11,andrii.nakryiko,extgcd
0,0,0,0,0,0,10,andrii.nakryiko,gcd
1,0.60,33,21,21,0,50,andrii.nakryiko,main
1,0,0,0,0,0,12,andrii.nakryiko,power
1,0,0,0,0,0,17,andrii.nakryiko,Ceil
0,0,0,0,0,0,9,andrii.nakryiko,Floor
0,0,0,0,0,0,11,andrii.nakryiko,extgcd
0,0,0,0,0,0,10,andrii.nakryiko,gcd
1,0.67,25,17,17,0,44,andrii.nakryiko,main
1,0,0,0,0,0,12,andrii.nakryiko,power
1,1.00,53,22,22,0,21,andrii.nakryiko,rec
1,0,0,0,0,0,15,andrii.nakryiko,Ceil
0,0,0,0,0,0,9,andrii.nakryiko,Floor
0,0,0,0,0,0,11,andrii.nakryiko,extgcd
0,0,0,0,0,0,10,andrii.nakryiko,gcd
1,0.48,542,139,139,0,68,andrii.nakryiko,main
1,0,0,0,0,0,12,andrii.nakryiko,power
1,0,0,0,0,0,13,andrii.nakryiko,Ceil
0,0,0,0,0,0,9,andrii.nakryiko,Floor
0,0,0,0,0,0,11,andrii.nakryiko,extgcd
0,0,0,0,0,0,10,andrii.nakryiko,gcd
1,0.75,49,27,27,0,37,andrii.nakryiko,main
1,0,0,0,0,0,12,andrii.nakryiko,power
1,0,0,0,0,0,16,andrii.nakryiko,Ceil
0,0,0,0,0,0,9,andrii.nakryiko,Floor
0,0,0,0,0,0,11,andrii.nakryiko,extgcd
0,0,0,0,0,0,10,andrii.nakryiko,gcd
1,0.50,38,23,23,0,42,andrii.nakryiko,main
1,0,0,0,0,0,12,andrii.nakryiko,power
0,0,0,0,0,0,5,andrii.nakryiko,rec2
0,0,0,0,0,0,7,andrii.nakryiko,recA
0,0,0,0,0,0,7,andrii.nakryiko,recB
1,0,0,0,0,0,16,andrii.nakryiko,Ceil
0,0,0,0,0,0,9,andrii.nakryiko,Floor
0,0,0,0,0,0,11,andrii.nakryiko,extgcd
0,0,0,0,0,0,10,andrii.nakryiko,gcd
1,0.71,164,54,54,0,69,andrii.nakryiko,main
1,0,0,0,0,0,12,andrii.nakryiko,power
1,0,0,0,0,0,34,andrii.nakryiko,Ceil
0,0,0,0,0,0,9,andrii.nakryiko,Floor
0,0,0,0,0,0,11,andrii.nakryiko,extgcd
0,0,0,0,0,0,10,andrii.nakryiko,gcd
1,0.50,41,25,25,0,45,andrii.nakryiko,main
1,0,0,0,0,0,12,andrii.nakryiko,power
1,0.75,32,19,19,0,18,andrii.nakryiko,rec
1,0,0,0,0,0,31,andrii.nakryiko,Ceil
0,0,0,0,0,0,9,andrii.nakryiko,Floor
0,0.25,1,1,1,0,7,andrii.nakryiko,dist2
0,0,0,0,0,0,11,andrii.nakryiko,extgcd
0,0,0,0,0,0,10,andrii.nakryiko,gcd
1,0.67,76,33,33,0,62,andrii.nakryiko,main
1,0,0,0,0,0,12,andrii.nakryiko,power
1,0.92,81,28,29,0,46,andrii.nakryiko,solve
1,0,0,0,0,0,5,andrii.nakryiko,sqr
1,1.00,43,36,40,0,31,angargo,main
1,1.00,4,4,10,0,23,angargo,main
1,1.00,31,28,32,0,25,angargo,main
1,0,0,0,23,0,24,angargo,bt
0,1.00,0,0,7,0,15,angargo,dfs
1,1.00,0,0,7,0,11,angargo,main
1,1.00,0,0,54,0,21,angargo,ok
1,1.00,0,0,5,0,13,angargo,show
1,1.00,0,0,20,0,28,angargo,solve
1,1.00,0,0,16,0,20,angargo,correct
1,1.00,0,0,6,0,9,angargo,main
1,1.00,0,0,12,0,22,angargo,solve
0,1.00,0,0,2,0,6,angargo,gcd
1,1.00,0,0,6,0,9,angargo,main
1,1.00,0,0,17,0,19,angargo,solve
0,1.00,0,0,8,0,23,angargo,add_edge
0,1.00,0,0,15,0,31,angargo,bfs
0,1.00,0,0,12,0,24,angargo,dfs
1,0,0,0,1,0,7,angargo,in
0,1.00,0,0,5,0,16,angargo,in_build
1,1.00,0,0,27,0,46,angargo,main
0,1.00,0,0,7,0,22,angargo,maxflow
1,1.00,0,0,1,0,10,angargo,ok
1,1.00,0,0,1,0,8,angargo,out
1,0,0,0,1,0,6,angargo,sink
1,0,0,0,1,0,6,angargo,source
0,1.00,0,0,11,0,17,angargo,buildTrie
1,1.00,0,0,11,0,29,angargo,main
1,1.00,0,0,16,0,25,angargo,result
0,1.00,0,0,21,0,27,angargo,bfs
1,1.00,0,0,29,0,36,angargo,main
1,1.00,0,0,6,0,18,angargo,mountain
1,1.00,470,129,129,0,36,angelok7,main
1,1.00,55,27,27,0,31,angelok7,main
1,0.83,85,36,36,0,28,angelok7,main
1,1.00,38,19,19,0,22,angelok7,main
1,1.00,187,60,60,0,34,angelok7,main
1,1.00,174,52,52,0,32,angelok7,main
1,1.00,55,25,25,0,17,angelok7,check
1,1.00,82,36,36,0,36,angelok7,main
1,1.00,26,15,15,0,8,angelok7,gong
1,1.00,77,34,34,0,33,angelok7,main
1,1.00,449,98,98,0,31,angelok7,main
1,1.00,59,26,26,0,20,AngryBird,deceit
1,1.00,35,19,19,0,25,AngryBird,main
1,1.00,39,17,17,0,18,AngryBird,war
1,1.00,62,28,28,0,15,AngryBird,check
1,1.00,13,10,10,0,18,AngryBird,main
1,0.00,67,21,21,0,13,AngryBird,print
0,1.00,52,20,20,0,15,AngryBird,print_c
0,1.00,45,17,17,0,13,AngryBird,print_r
1,1.00,20,11,11,0,14,AngryBird,duration
1,1.00,12,10,10,0,20,AngryBird,main
1,1.00,71,41,41,0,37,AngryBird,magic
1,1.00,11,8,8,0,15,AngryBird,main
1,1.00,18,9,9,0,11,AngryBird,times
1,1.00,42,28,28,0,27,AngryBird,dist
1,0.92,86,35,35,0,35,AngryBird,main
1,1.00,18,11,11,0,16,AngryBird,sum
1,1.00,19,11,11,0,16,AngryBird,main
1,1.00,57,29,29,0,10,AngryBird,stones
1,1.00,26,15,15,0,23,AngryBird,main
0,1.00,9,6,6,0,10,AngryBird,isPower
1,1.00,23,14,14,0,20,AngryBird,main
1,1.00,7,5,5,0,7,AngryBird,parent
1,1.00,0,0,5,0,7,angwuy,init
1,1.00,0,0,12,0,16,angwuy,main
1,1.00,0,0,7,0,11,angwuy,circle
1,1.00,0,0,7,0,9,angwuy,deal
0,1.00,0,0,0,0,5,angwuy,getnext
1,1.00,0,0,9,0,12,angwuy,main
1,1.00,0,0,6,0,12,angwuy,prework
1,1.00,0,0,18,0,22,angwuy,solve
1,1.00,0,0,17,0,11,angwuy,init
1,1.00,0,0,9,0,12,angwuy,main
1,1.00,0,0,0,0,5,angwuy,max
1,1.00,0,0,16,0,22,angwuy,solve
1,1.00,0,0,3,0,10,angwuy,init
1,1.00,2,2,11,0,20,angwuy,main
1,1.00,0,0,34,0,24,angwuy,solve
1,1.00,0,0,7,0,11,angwuy,init
1,1.00,0,0,9,0,12,angwuy,main
1,1.00,0,0,0,0,6,angwuy,min
1,1.00,0,0,5,0,13,angwuy,solve
0,1.00,0,0,2,0,11,angwuy,cmp
1,1.00,0,0,8,0,11,angwuy,main
1,1.00,0,0,11,0,15,angwuy,solve
0,1.00,0,0,2,0,18,angwuy,cmp
1,0,0,0,17,0,15,angwuy,get
1,0.50,0,0,13,0,19,angwuy,init
1,1.00,0,0,9,0,16,angwuy,main
1,1.00,0,0,32,0,24,angwuy,solve
0,1.00,0,0,24,0,27,angwuy,solve2
1,1.00,0,0,10,0,15,angwuy,create
1,0.29,0,0,19,0,19,angwuy,init
1,1.00,0,0,9,0,12,angwuy,main
1,1.00,0,0,17,0,18,angwuy,solve
0,1.00,1,1,1,0,6,angwuy,getnext
1,1.00,5,4,4,0,9,angwuy,init
1,1.00,13,10,10,0,17,angwuy,main
1,1.00,0,0,0,0,6,angwuy,min
1,1.00,21,16,16,0,23,angwuy,solve
1,1.00,35,33,33,0,10,ania7,main
1,1.00,3,3,3,0,12,ania7,test
1,0.57,51,16,16,0,23,ania7,init
1,1.00,4,4,4,0,12,ania7,main
1,1.00,10,8,8,0,16,ania7,test
1,1.00,7,6,6,0,11,ania7,main
1,1.00,71,30,30,0,15,ania7,test
0,1.00,3,3,3,0,14,ania7,cmp
1,1.00,10,8,8,0,11,ania7,main
1,1.00,8,8,8,0,14,ania7,test
0,1.00,112,67,67,0,38,ania7,detect_bridge
0,1.00,48,26,26,0,32,ania7,detect_ring
0,1.00,11,7,7,0,18,ania7,dfs
1,0,5,4,4,0,5,ania7,fi
1,1.00,10,8,8,0,11,ania7,main
1,1.00,7,5,5,0,10,ania7,ok
0,1.00,7,5,5,0,10,ania7,ok2
1,0.20,62,46,46,0,25,ania7,test
1,0,21,11,11,0,11,ania7,un
1,1.00,9,7,7,0,10,ania7,main
1,1.00,51,24,24,0,24,ania7,test
1,1.00,9,7,7,0,11,ania7,main
1,0.60,254,66,66,0,30,ania7,test
1,1.00,6,5,5,0,13,ania7,main
1,0.93,180,78,78,0,50,ania7,test
1,1.00,6,5,5,0,15,ania7,main
1,1.00,74,34,34,0,25,ania7,test
1,0.67,25,15,15,0,24,Anjupiter,main
0,1.00,16,9,9,0,12,Anjupiter,solve_deceit
0,0.67,94,31,31,0,22,Anjupiter,solve_optimal
1,0.58,53,23,23,0,30,Anjupiter,main
1,1.00,3,3,3,0,17,Anjupiter,ctz
1,0.80,55,23,23,0,28,Anjupiter,main
0,1.00,3,1,1,0,20,Anjupiter,__popcnt64
1,1.00,4,3,3,0,13,Anjupiter,ctz
1,0.67,41,18,18,0,23,Anjupiter,main
0,1.00,3,1,1,0,19,Anjupiter,__popcnt64
1,1.00,4,3,3,0,13,Anjupiter,ctz
1,0.60,15,10,10,0,23,Anjupiter,main
1,0.85,82,41,41,0,29,Anjupiter,solve
0,1.00,3,1,1,0,24,Anjupiter,__popcnt64
1,1.00,4,3,3,0,13,Anjupiter,ctz
1,0.67,29,15,15,0,29,Anjupiter,main
1,0.77,66,32,32,0,35,Anjupiter,solve
0,1.00,3,1,1,0,16,Anjupiter,__popcnt64
1,1.00,4,3,3,0,13,Anjupiter,ctz
0,1.00,2,2,2,0,11,Anjupiter,ctzll
0,1.00,0,0,1,0,10,Anjupiter,gcd
1,0,0,0,1,0,11,Anjupiter,lcm
1,0.71,43,20,20,0,27,Anjupiter,main
1,1.00,0,0,21,0,37,ankit.shukla,main
1,0.50,0,0,28,0,28,ankit.shukla,preprocess
1,1.00,0,0,11,0,19,ankit.shukla,cnt
1,1.00,0,0,20,0,35,ankit.shukla,main
1,1.00,0,0,20,0,11,ankit.shukla,chk
1,1.00,0,0,19,0,32,ankit.shukla,main
1,0.92,0,0,75,0,58,ankit.shukla,main
1,1.00,0,0,16,0,29,ankit.shukla,main
1,1.00,0,0,42,0,38,ankit.shukla,main
1,1.00,0,0,3,0,11,ankit.shukla,anrec
1,1.00,0,0,87,0,53,ankit.shukla,main
1,1.00,0,0,9,0,15,ankit.shukla,rec
0,1.00,0,0,8,0,14,ankit.shukla,dfs
1,1.00,0,0,27,0,39,ankit.shukla,main
1,0.78,0,0,36,0,40,ankit.shukla,main
1,1.00,0,0,22,0,62,ankorol,main
1,1.00,0,0,45,0,27,ankorol,main
1,1.00,0,0,31,0,18,ankorol,main
1,1.00,0,0,19,0,19,ankorol,main
1,0.50,0,0,26,0,18,ankorol,solve
0,0.83,0,0,16,0,24,ankorol,dfs
1,1.00,0,0,38,0,36,ankorol,main
0,1.00,0,0,5,0,13,ankorol,srt
1,0.89,0,0,42,0,29,ankorol,main
1,0.69,0,0,56,0,29,ankorol,main
1,1.00,0,0,36,0,28,ankorol,main
1,0,0,0,17,0,23,ankorol,f
1,1.00,0,0,13,0,22,ankorol,main
